district_code,district,sector_code,sector,cell_code,cell
11,Nyarugenge,1,Gitega,1,Akabahizi
11,Nyarugenge,1,Gitega,2,Akabeza
11,Nyarugenge,1,Gitega,3,Gacyamo
11,Nyarugenge,1,Gitega,4,Kigarama
11,Nyarugenge,1,Gitega,5,Kinyange
11,Nyarugenge,1,Gitega,6,Kora
11,Nyarugenge,10,Rwezamenyo,1,Kabuguru I
11,Nyarugenge,10,Rwezamenyo,2,Kabuguru Ii
11,Nyarugenge,10,Rwezamenyo,3,Rwezamenyo I
11,Nyarugenge,10,Rwezamenyo,4,Rwezamenyo Ii
11,Nyarugenge,2,Kanyinya,1,Nyamweru
11,Nyarugenge,2,Kanyinya,2,Nzove
11,Nyarugenge,2,Kanyinya,3,Taba
11,Nyarugenge,3,Kigali,1,Kigali
11,Nyarugenge,3,Kigali,2,Mwendo
11,Nyarugenge,3,Kigali,3,Nyabugogo
11,Nyarugenge,3,Kigali,4,Ruriba
11,Nyarugenge,3,Kigali,5,Rwesero
11,Nyarugenge,4,Kimisagara,1,Kamuhoza
11,Nyarugenge,4,Kimisagara,2,Katabaro
11,Nyarugenge,4,Kimisagara,3,Kimisagara
11,Nyarugenge,5,Mageragere,3,Mataba
11,Nyarugenge,5,Mageregere,1,Kankuba
11,Nyarugenge,5,Mageregere,2,Kavumu
11,Nyarugenge,5,Mageregere,3,Mataba
11,Nyarugenge,5,Mageregere,4,Ntungamo
11,Nyarugenge,5,Mageregere,5,Nyarufunzo
11,Nyarugenge,5,Mageregere,6,Nyarurenzi
11,Nyarugenge,5,Mageregere,7,Runzenze
11,Nyarugenge,6,Muhima,1,Amahoro
11,Nyarugenge,6,Muhima,2,Kabasengerezi
11,Nyarugenge,6,Muhima,3,Kabeza
11,Nyarugenge,6,Muhima,4,Nyabugogo
11,Nyarugenge,6,Muhima,5,Rugenge
11,Nyarugenge,6,Muhima,6,Tetero
11,Nyarugenge,6,Muhima,7,Ubumwe
11,Nyarugenge,7,Nyakabanda,1,Munanira I
11,Nyarugenge,7,Nyakabanda,2,Munanira Ii
11,Nyarugenge,7,Nyakabanda,3,Nyakabanda I
11,Nyarugenge,7,Nyakabanda,4,Nyakabanda Ii
11,Nyarugenge,8,Nyamirambo,1,Cyivugiza
11,Nyarugenge,8,Nyamirambo,2,Gasharu
11,Nyarugenge,8,Nyamirambo,3,Mumena
11,Nyarugenge,8,Nyamirambo,4,Rugarama
11,Nyarugenge,9,Nyarugenge,1,Agatare
11,Nyarugenge,9,Nyarugenge,2,Biryogo
11,Nyarugenge,9,Nyarugenge,3,Kiyovu
11,Nyarugenge,9,Nyarugenge,4,Rwampara
12,Gasabo,1,Bumbogo,1,Kinyaga
12,Gasabo,1,Bumbogo,2,Musave
12,Gasabo,1,Bumbogo,3,Mvuzo
12,Gasabo,1,Bumbogo,4,Ngara
12,Gasabo,1,Bumbogo,5,Nkuzuzu
12,Gasabo,1,Bumbogo,6,Nyabikenke
12,Gasabo,1,Bumbogo,7,Nyagasozi
12,Gasabo,10,Kinyinya,1,Gacuriro
12,Gasabo,10,Kinyinya,2,Gasharu
12,Gasabo,10,Kinyinya,3,Kagugu
12,Gasabo,10,Kinyinya,4,Murama
12,Gasabo,11,Ndera,1,Bwiza
12,Gasabo,11,Ndera,2,Cyaruzinge
12,Gasabo,11,Ndera,3,Kibenga
12,Gasabo,11,Ndera,4,Masoro
12,Gasabo,11,Ndera,5,Mukuyu
12,Gasabo,11,Ndera,6,Rudashya
12,Gasabo,12,Nduba,1,Butare
12,Gasabo,12,Nduba,2,Gasanze
12,Gasabo,12,Nduba,3,Gasura
12,Gasabo,12,Nduba,4,Gatunga
12,Gasabo,12,Nduba,5,Muremure
12,Gasabo,12,Nduba,6,Sha
12,Gasabo,12,Nduba,7,Shango
12,Gasabo,13,Remera,1,Nyabisindu
12,Gasabo,13,Remera,2,Nyarutarama
12,Gasabo,13,Remera,3,Rukiri I
12,Gasabo,13,Remera,4,Rukiri Ii
12,Gasabo,14,Rusororo,1,Bisenga
12,Gasabo,14,Rusororo,2,Gasagara
12,Gasabo,14,Rusororo,3,Kabuga I
12,Gasabo,14,Rusororo,4,Kabuga Ii
12,Gasabo,14,Rusororo,5,Kinyana
12,Gasabo,14,Rusororo,6,Mbandazi
12,Gasabo,14,Rusororo,7,Nyagahinga
12,Gasabo,14,Rusororo,8,Ruhanga
12,Gasabo,15,Rutunga,1,Gasabo
12,Gasabo,15,Rutunga,2,Indatemwa
12,Gasabo,15,Rutunga,3,Kabaliza
12,Gasabo,15,Rutunga,4,Kacyatwa
12,Gasabo,15,Rutunga,5,Kibenga
12,Gasabo,15,Rutunga,6,Kigabiro
12,Gasabo,2,Gatsata,1,Karuruma
12,Gasabo,2,Gatsata,2,Nyamabuye
12,Gasabo,2,Gatsata,3,Nyamugari
12,Gasabo,3,Gikomero,1,Gasagara
12,Gasabo,3,Gikomero,2,Gicaca
12,Gasabo,3,Gikomero,3,Kibara
12,Gasabo,3,Gikomero,4,Munini
12,Gasabo,3,Gikomero,5,Murambi
12,Gasabo,4,Gisozi,1,Musezero
12,Gasabo,4,Gisozi,2,Ruhango
12,Gasabo,5,Jabana,1,Akamatamu
12,Gasabo,5,Jabana,2,Bweramvura
12,Gasabo,5,Jabana,3,Kabuye
12,Gasabo,5,Jabana,4,Kidashya
12,Gasabo,5,Jabana,5,Ngiryi
12,Gasabo,6,Jali,1,Agateko
12,Gasabo,6,Jali,2,Buhiza
12,Gasabo,6,Jali,3,Muko
12,Gasabo,6,Jali,4,Nkusi
12,Gasabo,6,Jali,5,Nyabuliba
12,Gasabo,6,Jali,6,Nyakabungo
12,Gasabo,6,Jali,7,Nyamitanga
12,Gasabo,7,Kacyiru,1,Kamatamu
12,Gasabo,7,Kacyiru,2,Kamutwa
12,Gasabo,7,Kacyiru,3,Kibaza
12,Gasabo,8,Kimihurura,1,Kamukina
12,Gasabo,8,Kimihurura,2,Kimihurura
12,Gasabo,8,Kimihurura,3,Rugando
12,Gasabo,9,Kimironko,1,Bibare
12,Gasabo,9,Kimironko,2,Kibagabaga
12,Gasabo,9,Kimironko,3,Nyagatovu
13,Kicukiro,1,Gahanga,1,Gahanga
13,Kicukiro,1,Gahanga,2,Kagasa
13,Kicukiro,1,Gahanga,3,Karembure
13,Kicukiro,1,Gahanga,4,Murinja
13,Kicukiro,1,Gahanga,5,Nunga
13,Kicukiro,1,Gahanga,6,Rwabutenge
13,Kicukiro,10,Nyarugunga,1,Kamashashi
13,Kicukiro,10,Nyarugunga,2,Nonko
13,Kicukiro,10,Nyarugunga,3,Rwimbogo
13,Kicukiro,2,Gatenga,1,Gatenga
13,Kicukiro,2,Gatenga,2,Karambo
13,Kicukiro,2,Gatenga,3,Nyanza
13,Kicukiro,2,Gatenga,4,Nyarurama
13,Kicukiro,3,Gikondo,1,Kagunga
13,Kicukiro,3,Gikondo,2,Kanserege
13,Kicukiro,3,Gikondo,3,Kinunga
13,Kicukiro,4,Kagarama,1,Kanserege
13,Kicukiro,4,Kagarama,2,Muyange
13,Kicukiro,4,Kagarama,3,Rukatsa
13,Kicukiro,5,Kanombe,1,Busanza
13,Kicukiro,5,Kanombe,2,Kabeza
13,Kicukiro,5,Kanombe,3,Karama
13,Kicukiro,5,Kanombe,4,Rubirizi
13,Kicukiro,6,Kicukiro,1,Gasharu
13,Kicukiro,6,Kicukiro,2,Kagina
13,Kicukiro,6,Kicukiro,3,Kicukiro
13,Kicukiro,6,Kicukiro,4,Ngoma
13,Kicukiro,7,Kigarama,1,Bwerankori
13,Kicukiro,7,Kigarama,2,Karugira
13,Kicukiro,7,Kigarama,3,Kigarama
13,Kicukiro,7,Kigarama,4,Nyarurama
13,Kicukiro,7,Kigarama,5,Rwampara
13,Kicukiro,8,Masaka,1,Ayabaraya
13,Kicukiro,8,Masaka,2,Cyimo
13,Kicukiro,8,Masaka,3,Gako
13,Kicukiro,8,Masaka,4,Gitaraga
13,Kicukiro,8,Masaka,5,Mbabe
13,Kicukiro,8,Masaka,6,Rusheshe
13,Kicukiro,9,Niboye,1,Gatare
13,Kicukiro,9,Niboye,2,Niboye
13,Kicukiro,9,Niboye,3,Nyakabanda
21,Nyanza,1,Busasamana,1,Gahondo
21,Nyanza,1,Busasamana,2,Kavumu
21,Nyanza,1,Busasamana,3,Kibinja
21,Nyanza,1,Busasamana,4,Nyanza
21,Nyanza,1,Busasamana,5,Rwesero
21,Nyanza,10,Rwabicuma,1,Gacu
21,Nyanza,10,Rwabicuma,2,Gishike
21,Nyanza,10,Rwabicuma,3,Mubuga
21,Nyanza,10,Rwabicuma,4,Mushirarungu
21,Nyanza,10,Rwabicuma,5,Nyarusange
21,Nyanza,10,Rwabicuma,6,Runga
21,Nyanza,2,Busoro,1,Gitovu
21,Nyanza,2,Busoro,2,Kimirama
21,Nyanza,2,Busoro,3,Masangano
21,Nyanza,2,Busoro,4,Munyinya
21,Nyanza,2,Busoro,5,Rukingiro
21,Nyanza,2,Busoro,6,Shyira
21,Nyanza,3,Cyabakamyi,1,Kadaho
21,Nyanza,3,Cyabakamyi,2,Karama
21,Nyanza,3,Cyabakamyi,3,Nyabinyenga
21,Nyanza,3,Cyabakamyi,4,Nyarurama
21,Nyanza,3,Cyabakamyi,5,Rubona
21,Nyanza,4,Kibilizi,1,Cyeru
21,Nyanza,4,Kibilizi,2,Mbuye
21,Nyanza,4,Kibilizi,3,Mututu
21,Nyanza,4,Kibilizi,4,Rwotso
21,Nyanza,5,Kigoma,1,Butansinda
21,Nyanza,5,Kigoma,2,Butara
21,Nyanza,5,Kigoma,3,Gahombo
21,Nyanza,5,Kigoma,4,Gasoro
21,Nyanza,5,Kigoma,5,Mulinja
21,Nyanza,6,Mukingo,1,Cyerezo
21,Nyanza,6,Mukingo,2,Gatagara
21,Nyanza,6,Mukingo,3,Kiruli
21,Nyanza,6,Mukingo,4,Mpanga
21,Nyanza,6,Mukingo,5,Ngwa
21,Nyanza,6,Mukingo,6,Nkomero
21,Nyanza,7,Muyira,1,Gati
21,Nyanza,7,Muyira,2,Migina
21,Nyanza,7,Muyira,3,Nyamiyaga
21,Nyanza,7,Muyira,4,Nyamure
21,Nyanza,7,Muyira,5,Nyundo
21,Nyanza,8,Ntyazo,1,Bugali
21,Nyanza,8,Ntyazo,2,Cyotamakara
21,Nyanza,8,Ntyazo,3,Kagunga
21,Nyanza,8,Ntyazo,4,Katarara
21,Nyanza,9,Nyagisozi,1,Gahunga
21,Nyanza,9,Nyagisozi,2,Kabirizi
21,Nyanza,9,Nyagisozi,3,Kabuga
21,Nyanza,9,Nyagisozi,4,Kirambi
21,Nyanza,9,Nyagisozi,5,Rurangazi
22,Gisagara,1,Gikonko,1,Cyiri
22,Gisagara,1,Gikonko,2,Gasagara
22,Gisagara,1,Gikonko,3,Gikonko
22,Gisagara,1,Gikonko,4,Mbogo
22,Gisagara,10,Musha,1,Bukinanyana
22,Gisagara,10,Musha,2,Gatovu
22,Gisagara,10,Musha,3,Kigarama
22,Gisagara,10,Musha,4,Kimana
22,Gisagara,11,Ndora,1,Bweya
22,Gisagara,11,Ndora,2,Cyamukuza
22,Gisagara,11,Ndora,3,Dahwe
22,Gisagara,11,Ndora,4,Gisagara
22,Gisagara,11,Ndora,5,Mukande
22,Gisagara,12,Nyanza,1,Higiro
22,Gisagara,12,Nyanza,2,Nyamugari
22,Gisagara,12,Nyanza,3,Nyaruteja
22,Gisagara,12,Nyanza,4,Umubanga
22,Gisagara,13,Save,1,Gatoki
22,Gisagara,13,Save,2,Munazi
22,Gisagara,13,Save,3,Rwanza
22,Gisagara,13,Save,4,Shyanda
22,Gisagara,13,Save,5,Zivu
22,Gisagara,2,Gishubi,1,Gabiro
22,Gisagara,2,Gishubi,2,Nyabitare
22,Gisagara,2,Gishubi,3,Nyakibungo
22,Gisagara,2,Gishubi,4,Nyeranzi
22,Gisagara,3,Kansi,1,Akaboti
22,Gisagara,3,Kansi,2,Bwiza
22,Gisagara,3,Kansi,3,Sabusaro
22,Gisagara,3,Kansi,4,Umunini
22,Gisagara,4,Kibirizi,1,Duwani
22,Gisagara,4,Kibirizi,2,Kibirizi
22,Gisagara,4,Kibirizi,3,Muyira
22,Gisagara,4,Kibirizi,4,Ruturo
22,Gisagara,5,Kigembe,1,Agahabwa
22,Gisagara,5,Kigembe,2,Gatovu
22,Gisagara,5,Kigembe,3,Impinga
22,Gisagara,5,Kigembe,4,Nyabikenke
22,Gisagara,5,Kigembe,5,Rubona
22,Gisagara,5,Kigembe,6,Rusagara
22,Gisagara,6,Mamba,1,Gakoma
22,Gisagara,6,Mamba,2,Kabumbwe
22,Gisagara,6,Mamba,3,Mamba
22,Gisagara,6,Mamba,4,Muyaga
22,Gisagara,6,Mamba,5,Ramba
22,Gisagara,7,Muganza,1,Cyumba
22,Gisagara,7,Muganza,2,Muganza
22,Gisagara,7,Muganza,3,Remera
22,Gisagara,7,Muganza,4,Rwamiko
22,Gisagara,7,Muganza,5,Saga
22,Gisagara,8,Mugombwa,1,Baziro
22,Gisagara,8,Mugombwa,2,Kibayi
22,Gisagara,8,Mugombwa,3,Kibu
22,Gisagara,8,Mugombwa,4,Mugombwa
22,Gisagara,8,Mugombwa,5,Mukomacara
22,Gisagara,9,Mukindo,1,Gitega
22,Gisagara,9,Mukindo,2,Mukiza
22,Gisagara,9,Mukindo,3,Nyabisagara
22,Gisagara,9,Mukindo,4,Runyinya
23,Nyaruguru,1,Busanze,1,Kirarangombe
23,Nyaruguru,1,Busanze,2,Nkanda
23,Nyaruguru,1,Busanze,3,Nteko
23,Nyaruguru,1,Busanze,4,Runyombyi
23,Nyaruguru,1,Busanze,5,Shororo
23,Nyaruguru,10,Nyabimata,1,Gihemvu
23,Nyaruguru,10,Nyabimata,2,Kabere
23,Nyaruguru,10,Nyabimata,3,Mishungero
23,Nyaruguru,10,Nyabimata,4,Nyabimata
23,Nyaruguru,10,Nyabimata,5,Ruhinga
23,Nyaruguru,11,Nyagisozi,1,Maraba
23,Nyaruguru,11,Nyagisozi,2,Mwoya
23,Nyaruguru,11,Nyagisozi,3,Nkakwa
23,Nyaruguru,11,Nyagisozi,4,Nyagisozi
23,Nyaruguru,12,Ruheru,1,Gitita
23,Nyaruguru,12,Ruheru,2,Kabere
23,Nyaruguru,12,Ruheru,3,Remera
23,Nyaruguru,12,Ruheru,4,Ruyenzi
23,Nyaruguru,12,Ruheru,5,Uwumusebeya
23,Nyaruguru,13,Ruramba,1,Gabiro
23,Nyaruguru,13,Ruramba,2,Giseke
23,Nyaruguru,13,Ruramba,3,Nyarugano
23,Nyaruguru,13,Ruramba,4,Rugogwe
23,Nyaruguru,13,Ruramba,5,Ruramba
23,Nyaruguru,14,Rusenge,1,Bunge
23,Nyaruguru,14,Rusenge,2,Cyuna
23,Nyaruguru,14,Rusenge,3,Gikunzi
23,Nyaruguru,14,Rusenge,4,Mariba
23,Nyaruguru,14,Rusenge,5,Raranzige
23,Nyaruguru,14,Rusenge,6,Rusenge
23,Nyaruguru,2,Cyahinda,1,Coko
23,Nyaruguru,2,Cyahinda,2,Cyahinda
23,Nyaruguru,2,Cyahinda,3,Gasasa
23,Nyaruguru,2,Cyahinda,4,Muhambara
23,Nyaruguru,2,Cyahinda,5,Rutobwe
23,Nyaruguru,3,Kibeho,1,Gakoma
23,Nyaruguru,3,Kibeho,2,Kibeho
23,Nyaruguru,3,Kibeho,3,Mbasa
23,Nyaruguru,3,Kibeho,4,Mpanda
23,Nyaruguru,3,Kibeho,5,Mubuga
23,Nyaruguru,3,Kibeho,6,Nyange
23,Nyaruguru,4,Kivu,1,Cyanyirankora
23,Nyaruguru,4,Kivu,2,Gahurizo
23,Nyaruguru,4,Kivu,3,Kimina
23,Nyaruguru,4,Kivu,4,Kivu
23,Nyaruguru,4,Kivu,5,Rugerero
23,Nyaruguru,5,Mata,1,Gorwe
23,Nyaruguru,5,Mata,2,Murambi
23,Nyaruguru,5,Mata,3,Nyamabuye
23,Nyaruguru,5,Mata,4,Ramba
23,Nyaruguru,5,Mata,5,Rwamiko
23,Nyaruguru,6,Muganza,1,Muganza
23,Nyaruguru,6,Muganza,2,Rukore
23,Nyaruguru,6,Muganza,3,Samiyonga
23,Nyaruguru,6,Muganza,4,Uwacyiza
23,Nyaruguru,7,Munini,1,Giheta
23,Nyaruguru,7,Munini,2,Ngarurira
23,Nyaruguru,7,Munini,3,Ngeri
23,Nyaruguru,7,Munini,4,Ntwali
23,Nyaruguru,7,Munini,5,Nyarure
23,Nyaruguru,8,Ngera,1,Bitare
23,Nyaruguru,8,Ngera,2,Mukuge
23,Nyaruguru,8,Ngera,3,Murama
23,Nyaruguru,8,Ngera,4,Nyamirama
23,Nyaruguru,8,Ngera,5,Nyanza
23,Nyaruguru,8,Ngera,6,Yaramba
23,Nyaruguru,9,Ngoma,1,Fugi
23,Nyaruguru,9,Ngoma,2,Kibangu
23,Nyaruguru,9,Ngoma,3,Kiyonza
23,Nyaruguru,9,Ngoma,4,Mbuye
23,Nyaruguru,9,Ngoma,5,Nyamirama
23,Nyaruguru,9,Ngoma,6,Rubona
24,Huye,1,Gishamvu,1,Nyakibanda
24,Huye,1,Gishamvu,2,Nyumba
24,Huye,1,Gishamvu,3,Ryakibogo
24,Huye,1,Gishamvu,4,Shori
24,Huye,10,Rudashya,3,Karama
24,Huye,10,Ruhashya,1,Busheshi
24,Huye,10,Ruhashya,2,Gatovu
24,Huye,10,Ruhashya,3,Karama
24,Huye,10,Ruhashya,4,Mara
24,Huye,10,Ruhashya,5,Muhororo
24,Huye,10,Ruhashya,6,Rugogwe
24,Huye,10,Ruhashya,7,Ruhashya
24,Huye,11,Rusatira,1,Buhimba
24,Huye,11,Rusatira,2,Gafumba
24,Huye,11,Rusatira,3,Kimirehe
24,Huye,11,Rusatira,4,Kimuna
24,Huye,11,Rusatira,5,Kiruhura
24,Huye,11,Rusatira,6,Mugogwe
24,Huye,11,Rwaniro,5,Kiruhura
24,Huye,12,Rwaniro,1,Gatwaro
24,Huye,12,Rwaniro,2,Kamwambi
24,Huye,12,Rwaniro,3,Kibiraro
24,Huye,12,Rwaniro,4,Mwendo
24,Huye,12,Rwaniro,5,Nyamabuye
24,Huye,12,Rwaniro,6,Nyaruhombo
24,Huye,12,Rwaniro,7,Shyunga
24,Huye,13,Simbi,1,Cyendajuru
24,Huye,13,Simbi,2,Gisakura
24,Huye,13,Simbi,3,Kabusanza
24,Huye,13,Simbi,4,Mugobore
24,Huye,13,Simbi,5,Nyangazi
24,Huye,14,Tumba,1,Cyarwa
24,Huye,14,Tumba,2,Cyimana
24,Huye,14,Tumba,3,Gitwa
24,Huye,14,Tumba,4,Mpare
24,Huye,14,Tumba,5,Rango B
24,Huye,2,Huye,1,Muyogoro
24,Huye,2,Huye,2,Nyakagezi
24,Huye,2,Huye,3,Rukira
24,Huye,2,Huye,4,Sovu
24,Huye,3,Karama,1,Buhoro
24,Huye,3,Karama,2,Bunazi
24,Huye,3,Karama,3,Gahororo
24,Huye,3,Karama,4,Kibingo
24,Huye,3,Karama,5,Muhembe
24,Huye,4,Kigoma,1,Gishihe
24,Huye,4,Kigoma,2,Kabatwa
24,Huye,4,Kigoma,3,Kabuga
24,Huye,4,Kigoma,4,Karambi
24,Huye,4,Kigoma,5,Musebeya
24,Huye,4,Kigoma,6,Nyabisindu
24,Huye,4,Kigoma,7,Rugarama
24,Huye,4,Kigoma,8,Shanga
24,Huye,5,Kinazi,1,Byinza
24,Huye,5,Kinazi,2,Gahana
24,Huye,5,Kinazi,3,Gitovu
24,Huye,5,Kinazi,4,Kabona
24,Huye,5,Kinazi,5,Sazange
24,Huye,6,Maraba,1,Buremera
24,Huye,6,Maraba,2,Gasumba
24,Huye,6,Maraba,3,Kabuye
24,Huye,6,Maraba,4,Kanyinya
24,Huye,6,Maraba,5,Shanga
24,Huye,6,Maraba,6,Shyembe
24,Huye,7,Mbazi,1,Gatobotobo
24,Huye,7,Mbazi,2,Kabuga
24,Huye,7,Mbazi,3,Mutunda
24,Huye,7,Mbazi,4,Mwulire
24,Huye,7,Mbazi,5,Rugango
24,Huye,7,Mbazi,6,Rusagara
24,Huye,7,Mbazi,7,Tare
24,Huye,8,Mukura,1,Bukomeye
24,Huye,8,Mukura,2,Buvumu
24,Huye,8,Mukura,3,Icyeru
24,Huye,8,Mukura,4,Rango A
24,Huye,9,Ngoma,1,Butare
24,Huye,9,Ngoma,2,Kaburemera
24,Huye,9,Ngoma,3,Matyazo
24,Huye,9,Ngoma,4,Ngoma
25,Nyamagabe,1,Buruhukiro,1,Bushigishigi
25,Nyamagabe,1,Buruhukiro,2,Byimana
25,Nyamagabe,1,Buruhukiro,3,Gifurwe
25,Nyamagabe,1,Buruhukiro,4,Kizimyamuriro
25,Nyamagabe,1,Buruhukiro,5,Munini
25,Nyamagabe,1,Buruhukiro,6,Rambya
25,Nyamagabe,10,Mbazi,1,Manwari
25,Nyamagabe,10,Mbazi,2,Mutiwingoma
25,Nyamagabe,10,Mbazi,3,Ngambi
25,Nyamagabe,10,Mbazi,4,Ngara
25,Nyamagabe,11,Mugano,1,Gitondorero
25,Nyamagabe,11,Mugano,2,Gitwa
25,Nyamagabe,11,Mugano,3,Ruhinga
25,Nyamagabe,11,Mugano,4,Sovu
25,Nyamagabe,11,Mugano,5,Suti
25,Nyamagabe,11,Mugano,6,Yonde
25,Nyamagabe,12,Musange,1,Gasave
25,Nyamagabe,12,Musange,2,Jenda
25,Nyamagabe,12,Musange,3,Masagara
25,Nyamagabe,12,Musange,4,Masangano
25,Nyamagabe,12,Musange,5,Masizi
25,Nyamagabe,12,Musange,6,Nyagisozi
25,Nyamagabe,13,Musebeya,1,Gatovu
25,Nyamagabe,13,Musebeya,2,Nyarurambi
25,Nyamagabe,13,Musebeya,3,Rugano
25,Nyamagabe,13,Musebeya,4,Runege
25,Nyamagabe,13,Musebeya,5,Rusekera
25,Nyamagabe,13,Musebeya,6,Sekera
25,Nyamagabe,14,Mushubi,1,Buteteri
25,Nyamagabe,14,Mushubi,2,Cyobe
25,Nyamagabe,14,Mushubi,3,Gashwati
25,Nyamagabe,15,Nkomane,1,Bitandara
25,Nyamagabe,15,Nkomane,2,Musaraba
25,Nyamagabe,15,Nkomane,3,Mutengeri
25,Nyamagabe,15,Nkomane,4,Nkomane
25,Nyamagabe,15,Nkomane,5,Nyarwungo
25,Nyamagabe,15,Nkomane,6,Twiya
25,Nyamagabe,16,Tare,1,Buhoro
25,Nyamagabe,16,Tare,2,Gasarenda
25,Nyamagabe,16,Tare,3,Gatovu
25,Nyamagabe,16,Tare,4,Kaganza
25,Nyamagabe,16,Tare,5,Nkumbure
25,Nyamagabe,16,Tare,6,Nyamigina
25,Nyamagabe,17,Uwinkingi,1,Bigumira
25,Nyamagabe,17,Uwinkingi,2,Gahira
25,Nyamagabe,17,Uwinkingi,3,Kibyagira
25,Nyamagabe,17,Uwinkingi,4,Mudasomwa
25,Nyamagabe,17,Uwinkingi,5,Munyege
25,Nyamagabe,17,Uwinkingi,6,Rugogwe
25,Nyamagabe,2,Cyanika,1,Gitega
25,Nyamagabe,2,Cyanika,2,Karama
25,Nyamagabe,2,Cyanika,3,Kiyumba
25,Nyamagabe,2,Cyanika,4,Ngoma
25,Nyamagabe,2,Cyanika,5,Nyanza
25,Nyamagabe,2,Cyanika,6,Nyanzoga
25,Nyamagabe,3,Gasaka,1,Kigeme
25,Nyamagabe,3,Gasaka,2,Ngiryi
25,Nyamagabe,3,Gasaka,3,Nyabivumu
25,Nyamagabe,3,Gasaka,4,Nyamugari
25,Nyamagabe,3,Gasaka,5,Nzega
25,Nyamagabe,3,Gasaka,6,Remera
25,Nyamagabe,4,Gatare,1,Bakopfu
25,Nyamagabe,4,Gatare,2,Gatare
25,Nyamagabe,4,Gatare,3,Mukongoro
25,Nyamagabe,4,Gatare,4,Ruganda
25,Nyamagabe,4,Gatare,5,Shyeru
25,Nyamagabe,5,Kaduha,1,Kavumu
25,Nyamagabe,5,Kaduha,2,Murambi
25,Nyamagabe,5,Kaduha,3,Musenyi
25,Nyamagabe,5,Kaduha,4,Nyabisindu
25,Nyamagabe,5,Kaduha,5,Nyamiyaga
25,Nyamagabe,6,Kamegeri,1,Bwama
25,Nyamagabe,6,Kamegeri,2,Kamegeri
25,Nyamagabe,6,Kamegeri,3,Kirehe
25,Nyamagabe,6,Kamegeri,4,Kizi
25,Nyamagabe,6,Kamegeri,5,Nyarusiza
25,Nyamagabe,6,Kamegeri,6,Rususa
25,Nyamagabe,7,Kibirizi,1,Bugarama
25,Nyamagabe,7,Kibirizi,2,Bugarura
25,Nyamagabe,7,Kibirizi,3,Gashiha
25,Nyamagabe,7,Kibirizi,4,Karambo
25,Nyamagabe,7,Kibirizi,5,Ruhunga
25,Nyamagabe,7,Kibirizi,6,Uwindekezi
25,Nyamagabe,8,Kibumbwe,1,Bwenda
25,Nyamagabe,8,Kibumbwe,2,Gakanka
25,Nyamagabe,8,Kibumbwe,3,Kibibi
25,Nyamagabe,8,Kibumbwe,4,Nyakiza
25,Nyamagabe,9,Kitabi,1,Kagano
25,Nyamagabe,9,Kitabi,2,Mujuga
25,Nyamagabe,9,Kitabi,3,Mukungu
25,Nyamagabe,9,Kitabi,4,Shaba
25,Nyamagabe,9,Kitabi,5,Uwingugu
26,Ruhango,1,Bweramana,1,Buhanda
26,Ruhango,1,Bweramana,2,Gitisi
26,Ruhango,1,Bweramana,3,Murama
26,Ruhango,1,Bweramana,4,Rubona
26,Ruhango,1,Bweramana,5,Rwinyana
26,Ruhango,2,Byimana,1,Kamusenyi
26,Ruhango,2,Byimana,2,Kirengeri
26,Ruhango,2,Byimana,3,Mahembe
26,Ruhango,2,Byimana,4,Mpanda
26,Ruhango,2,Byimana,5,Muhororo
26,Ruhango,2,Byimana,6,Ntenyo
26,Ruhango,2,Byimana,7,Nyakabuye
26,Ruhango,3,Kabagali,1,Bihembe
26,Ruhango,3,Kabagali,2,Karambi
26,Ruhango,3,Kabagali,3,Munanira
26,Ruhango,3,Kabagali,4,Remera
26,Ruhango,3,Kabagali,5,Rwesero
26,Ruhango,3,Kabagali,6,Rwoga
26,Ruhango,4,Kinazi,1,Burima
26,Ruhango,4,Kinazi,2,Gisali
26,Ruhango,4,Kinazi,3,Kinazi
26,Ruhango,4,Kinazi,4,Rubona
26,Ruhango,4,Kinazi,5,Rutabo
26,Ruhango,5,Kinihira,1,Bweramvura
26,Ruhango,5,Kinihira,2,Gitinda
26,Ruhango,5,Kinihira,3,Kirwa
26,Ruhango,5,Kinihira,4,Muyunzwe
26,Ruhango,5,Kinihira,5,Nyakogo
26,Ruhango,5,Kinihira,6,Rukina
26,Ruhango,6,Mbuye,1,Cyanza
26,Ruhango,6,Mbuye,2,Gisanga
26,Ruhango,6,Mbuye,3,Kabuga
26,Ruhango,6,Mbuye,4,Kizibere
26,Ruhango,6,Mbuye,5,Mbuye
26,Ruhango,6,Mbuye,6,Mwendo
26,Ruhango,6,Mbuye,7,Nyakarekare
26,Ruhango,7,Mwendo,1,Gafunzo
26,Ruhango,7,Mwendo,2,Gishweru
26,Ruhango,7,Mwendo,3,Kamujisho
26,Ruhango,7,Mwendo,4,Kigarama
26,Ruhango,7,Mwendo,5,Kubutare
26,Ruhango,7,Mwendo,6,Mutara
26,Ruhango,7,Mwendo,7,Nyabibugu
26,Ruhango,7,Mwendo,8,Saruheshyi
26,Ruhango,8,Ntongwe,1,Gako
26,Ruhango,8,Ntongwe,2,Kareba
26,Ruhango,8,Ntongwe,3,Kayenzi
26,Ruhango,8,Ntongwe,4,Kebero
26,Ruhango,8,Ntongwe,5,Nyagisozi
26,Ruhango,8,Ntongwe,6,Nyakabungo
26,Ruhango,8,Ntongwe,7,Nyarurama
26,Ruhango,9,Ruhango,1,Buhoro
26,Ruhango,9,Ruhango,2,Bunyogombe
26,Ruhango,9,Ruhango,3,Gikoma
26,Ruhango,9,Ruhango,4,Munini
26,Ruhango,9,Ruhango,5,Musamo
26,Ruhango,9,Ruhango,6,Nyamagana
26,Ruhango,9,Ruhango,7,Rwoga
26,Ruhango,9,Ruhango,8,Tambwe
27,Muhanga,1,Cyeza,1,Biringaga
27,Muhanga,1,Cyeza,2,Kigarama
27,Muhanga,1,Cyeza,3,Kivumu
27,Muhanga,1,Cyeza,4,Makera
27,Muhanga,1,Cyeza,5,Nyarunyinya
27,Muhanga,1,Cyeza,6,Shori
27,Muhanga,10,Rongi,1,Gasagara
27,Muhanga,10,Rongi,2,Gasharu
27,Muhanga,10,Rongi,3,Karambo
27,Muhanga,10,Rongi,4,Nyamirambo
27,Muhanga,10,Rongi,5,Ruhango
27,Muhanga,11,Rugendabari,1,Gasave
27,Muhanga,11,Rugendabari,2,Kanyana
27,Muhanga,11,Rugendabari,3,Kibaga
27,Muhanga,11,Rugendabari,4,Mpinga
27,Muhanga,11,Rugendabari,5,Nsanga
27,Muhanga,12,Shyogwe,1,Kinini
27,Muhanga,12,Shyogwe,2,Mbare
27,Muhanga,12,Shyogwe,3,Mubuga
27,Muhanga,12,Shyogwe,4,Ruli
27,Muhanga,2,Kabacuzi,1,Buramba
27,Muhanga,2,Kabacuzi,2,Butare
27,Muhanga,2,Kabacuzi,3,Kabuye
27,Muhanga,2,Kabacuzi,4,Kavumu
27,Muhanga,2,Kabacuzi,5,Kibyimba
27,Muhanga,2,Kabacuzi,6,Ngarama
27,Muhanga,2,Kabacuzi,7,Ngoma
27,Muhanga,2,Kabacuzi,8,Sholi
27,Muhanga,3,Kibangu,1,Gisharu
27,Muhanga,3,Kibangu,2,Gitega
27,Muhanga,3,Kibangu,3,Jurwe
27,Muhanga,3,Kibangu,4,Mubuga
27,Muhanga,3,Kibangu,5,Rubyiniro
27,Muhanga,3,Kibangu,6,Ryakanimba
27,Muhanga,4,Kiyumba,1,Budende
27,Muhanga,4,Kiyumba,2,Ndago
27,Muhanga,4,Kiyumba,3,Remera
27,Muhanga,4,Kiyumba,4,Ruhina
27,Muhanga,4,Kiyumba,5,Rukeri
27,Muhanga,5,Muhanga,1,Kanyinya
27,Muhanga,5,Muhanga,2,Nganzo
27,Muhanga,5,Muhanga,3,Nyamirama
27,Muhanga,5,Muhanga,4,Remera
27,Muhanga,5,Muhanga,5,Tyazo
27,Muhanga,6,Mushishiro,1,Matyazo
27,Muhanga,6,Mushishiro,2,Munazi
27,Muhanga,6,Mushishiro,3,Nyagasozi
27,Muhanga,6,Mushishiro,4,Rukaragata
27,Muhanga,6,Mushishiro,5,Rwasare
27,Muhanga,6,Mushishiro,6,Rwigerero
27,Muhanga,7,Nyabinoni,1,Gashorera
27,Muhanga,7,Nyabinoni,2,Masangano
27,Muhanga,7,Nyabinoni,3,Mbuga
27,Muhanga,7,Nyabinoni,4,Muvumba
27,Muhanga,7,Nyabinoni,5,Nyarusozi
27,Muhanga,8,Nyamabuye,1,Gahogo
27,Muhanga,8,Nyamabuye,2,Gifumba
27,Muhanga,8,Nyamabuye,3,Gitarama
27,Muhanga,8,Nyamabuye,4,Remera
27,Muhanga,9,Nyarusange,1,Mbiriri
27,Muhanga,9,Nyarusange,2,Musongati
27,Muhanga,9,Nyarusange,3,Ngaru
27,Muhanga,9,Nyarusange,4,Rusovu
28,Kamonyi,1,Gacurabwenge,1,Gihinga
28,Kamonyi,1,Gacurabwenge,2,Gihira
28,Kamonyi,1,Gacurabwenge,3,Kigembe
28,Kamonyi,1,Gacurabwenge,4,Nkingo
28,Kamonyi,10,Rugarika,1,Bihembe
28,Kamonyi,10,Rugarika,2,Kigese
28,Kamonyi,10,Rugarika,3,Masaka
28,Kamonyi,10,Rugarika,4,Nyarubuye
28,Kamonyi,10,Rugarika,5,Sheli
28,Kamonyi,11,Rukoma,1,Bugoba
28,Kamonyi,11,Rukoma,2,Buguri
28,Kamonyi,11,Rukoma,3,Gishyeshye
28,Kamonyi,11,Rukoma,4,Murehe
28,Kamonyi,11,Rukoma,5,Mwirute
28,Kamonyi,11,Rukoma,6,Remera
28,Kamonyi,11,Rukoma,7,Taba
28,Kamonyi,12,Runda,1,Gihara
28,Kamonyi,12,Runda,2,Kabagesera
28,Kamonyi,12,Runda,3,Kagina
28,Kamonyi,12,Runda,4,Muganza
28,Kamonyi,12,Runda,5,Ruyenzi
28,Kamonyi,2,Karama,1,Bitare
28,Kamonyi,2,Karama,2,Bunyonga
28,Kamonyi,2,Karama,3,Muganza
28,Kamonyi,2,Karama,4,Nyamirembe
28,Kamonyi,3,Kayenzi,1,Bugarama
28,Kamonyi,3,Kayenzi,2,Cubi
28,Kamonyi,3,Kayenzi,3,Kayonza
28,Kamonyi,3,Kayenzi,4,Kirwa
28,Kamonyi,3,Kayenzi,5,Mataba
28,Kamonyi,3,Kayenzi,6,Nyamirama
28,Kamonyi,4,Kayumbu,1,Busoro
28,Kamonyi,4,Kayumbu,2,Gaseke
28,Kamonyi,4,Kayumbu,3,Giko
28,Kamonyi,4,Kayumbu,4,Muyange
28,Kamonyi,5,Mugina,1,Jenda
28,Kamonyi,5,Mugina,2,Kabugondo
28,Kamonyi,5,Mugina,3,Mbati
28,Kamonyi,5,Mugina,4,Mugina
28,Kamonyi,5,Mugina,5,Nteko
28,Kamonyi,6,Musambira,1,Buhoro
28,Kamonyi,6,Musambira,2,Cyambwe
28,Kamonyi,6,Musambira,3,Karengera
28,Kamonyi,6,Musambira,4,Kivumu
28,Kamonyi,6,Musambira,5,Mpushi
28,Kamonyi,6,Musambira,6,Rukambura
28,Kamonyi,7,Ngamba,1,Kabuga
28,Kamonyi,7,Ngamba,2,Kazirabonde
28,Kamonyi,7,Ngamba,3,Marembo
28,Kamonyi,8,Nyamiyaga,1,Bibungo
28,Kamonyi,8,Nyamiyaga,2,Kabashumba
28,Kamonyi,8,Nyamiyaga,3,Kidahwe
28,Kamonyi,8,Nyamiyaga,4,Mukinga
28,Kamonyi,8,Nyamiyaga,5,Ngoma
28,Kamonyi,9,Nyarubaka,1,Gitare
28,Kamonyi,9,Nyarubaka,2,Kambyeyi
28,Kamonyi,9,Nyarubaka,3,Kigusa
28,Kamonyi,9,Nyarubaka,4,Nyagishubi
28,Kamonyi,9,Nyarubaka,5,Ruyanza
31,Karongi,1,Bwishyura,1,Burunga
31,Karongi,1,Bwishyura,2,Gasura
31,Karongi,1,Bwishyura,3,Gitarama
31,Karongi,1,Bwishyura,4,Kayenzi
31,Karongi,1,Bwishyura,5,Kibuye
31,Karongi,1,Bwishyura,6,Kiniha
31,Karongi,1,Bwishyura,7,Nyarusazi
31,Karongi,10,Rugabano,1,Gisiza
31,Karongi,10,Rugabano,2,Gitega
31,Karongi,10,Rugabano,3,Gitovu
31,Karongi,10,Rugabano,4,Kabuga
31,Karongi,10,Rugabano,5,Mubuga
31,Karongi,10,Rugabano,6,Mucyimba
31,Karongi,10,Rugabano,7,Rufungo
31,Karongi,10,Rugabano,8,Rwungo
31,Karongi,10,Rugabano,9,Tyazo
31,Karongi,11,Ruganda,1,Biguhu
31,Karongi,11,Ruganda,2,Kabingo
31,Karongi,11,Ruganda,3,Kinyovu
31,Karongi,11,Ruganda,4,Kivumu
31,Karongi,11,Ruganda,5,Nyabikeri
31,Karongi,11,Ruganda,6,Nyamugwagwa
31,Karongi,11,Ruganda,7,Rubona
31,Karongi,11,Ruganda,8,Rugobagoba
31,Karongi,12,Rwankuba,1,Bigugu
31,Karongi,12,Rwankuba,2,Bisesero
31,Karongi,12,Rwankuba,3,Gasata
31,Karongi,12,Rwankuba,4,Munini
31,Karongi,12,Rwankuba,5,Nyakamira
31,Karongi,12,Rwankuba,6,Nyarusanga
31,Karongi,12,Rwankuba,7,Rubazo
31,Karongi,12,Rwankuba,8,Rubumba
31,Karongi,13,Twumba,1,Bihumbe
31,Karongi,13,Twumba,2,Gakuta
31,Karongi,13,Twumba,3,Gisovu
31,Karongi,13,Twumba,4,Gitabura
31,Karongi,13,Twumba,5,Kavumu
31,Karongi,13,Twumba,6,Murehe
31,Karongi,13,Twumba,7,Rutabi
31,Karongi,2,Gashari,1,Birambo
31,Karongi,2,Gashari,2,Musasa
31,Karongi,2,Gashari,3,Mwendo
31,Karongi,2,Gashari,4,Rugobagoba
31,Karongi,2,Gashari,5,Tongati
31,Karongi,3,Gishyita,1,Buhoro
31,Karongi,3,Gishyita,2,Cyanya
31,Karongi,3,Gishyita,3,Kigarama
31,Karongi,3,Gishyita,4,Munanira
31,Karongi,3,Gishyita,5,Musasa
31,Karongi,3,Gishyita,6,Ngoma
31,Karongi,4,Gitesi,1,Gasharu
31,Karongi,4,Gitesi,2,Gitega
31,Karongi,4,Gitesi,3,Kanunga
31,Karongi,4,Gitesi,4,Kirambo
31,Karongi,4,Gitesi,5,Munanira
31,Karongi,4,Gitesi,6,Nyamiringa
31,Karongi,4,Gitesi,7,Ruhinga
31,Karongi,4,Gitesi,8,Rwariro
31,Karongi,5,Mubuga,1,Kagabiro
31,Karongi,5,Mubuga,2,Murangara
31,Karongi,5,Mubuga,3,Nyagatovu
31,Karongi,5,Mubuga,4,Ryaruhanga
31,Karongi,6,Murambi,1,Mubuga
31,Karongi,6,Murambi,2,Muhororo
31,Karongi,6,Murambi,3,Nkoto
31,Karongi,6,Murambi,4,Nyarunyinya
31,Karongi,6,Murambi,5,Shyembe
31,Karongi,7,Murundi,1,Bukiro
31,Karongi,7,Murundi,2,Kabaya
31,Karongi,7,Murundi,3,Kamina
31,Karongi,7,Murundi,4,Kareba
31,Karongi,7,Murundi,5,Nyamushishi
31,Karongi,7,Murundi,6,Nzaratsi
31,Karongi,8,Mutuntu,1,Byogo
31,Karongi,8,Mutuntu,2,Gasharu
31,Karongi,8,Mutuntu,3,Gisayura
31,Karongi,8,Mutuntu,4,Kanyege
31,Karongi,8,Mutuntu,5,Kinyonzwe
31,Karongi,8,Mutuntu,6,Murengezo
31,Karongi,8,Mutuntu,7,Rwufi
31,Karongi,9,Rubengera,1,Bubazi
31,Karongi,9,Rubengera,2,Gacaca
31,Karongi,9,Rubengera,3,Gisanze
31,Karongi,9,Rubengera,4,Gitwa
31,Karongi,9,Rubengera,5,Kibirizi
31,Karongi,9,Rubengera,6,Mataba
31,Karongi,9,Rubengera,7,Nyarugenge
31,Karongi,9,Rubengera,8,Ruragwe
32,Rutsiro,1,Boneza,1,Bushaka
32,Rutsiro,1,Boneza,2,Kabihogo
32,Rutsiro,1,Boneza,3,Nkira
32,Rutsiro,1,Boneza,4,Remera
32,Rutsiro,10,Mushubati,1,Bumba
32,Rutsiro,10,Mushubati,2,Cyarusera
32,Rutsiro,10,Mushubati,3,Gitwa
32,Rutsiro,10,Mushubati,4,Mageragere
32,Rutsiro,10,Mushubati,5,Sure
32,Rutsiro,11,Nyabirasi,1,Busuku
32,Rutsiro,11,Nyabirasi,2,Cyivugiza
32,Rutsiro,11,Nyabirasi,3,Mubuga
32,Rutsiro,11,Nyabirasi,4,Ngoma
32,Rutsiro,11,Nyabirasi,5,Terimbere
32,Rutsiro,12,Ruhango,1,Gatare
32,Rutsiro,12,Ruhango,2,Gihira
32,Rutsiro,12,Ruhango,3,Kavumu
32,Rutsiro,12,Ruhango,4,Nyakarera
32,Rutsiro,12,Ruhango,5,Rugasa
32,Rutsiro,12,Ruhango,6,Rundoyi
32,Rutsiro,13,Rusebeya,1,Kabona
32,Rutsiro,13,Rusebeya,2,Mberi
32,Rutsiro,13,Rusebeya,3,Remera
32,Rutsiro,13,Rusebeya,4,Ruronde
32,Rutsiro,2,Gihango,1,Bugina
32,Rutsiro,2,Gihango,2,Congo-nil
32,Rutsiro,2,Gihango,3,Mataba
32,Rutsiro,2,Gihango,4,Murambi
32,Rutsiro,2,Gihango,5,Ruhingo
32,Rutsiro,2,Gihango,6,Shyembe
32,Rutsiro,2,Gihango,7,Teba
32,Rutsiro,3,Kigeyo,1,Buhindure
32,Rutsiro,3,Kigeyo,2,Nkora
32,Rutsiro,3,Kigeyo,3,Nyagahinika
32,Rutsiro,3,Kigeyo,4,Rukaragata
32,Rutsiro,4,Kivumu,1,Bunyoni
32,Rutsiro,4,Kivumu,2,Bunyunju
32,Rutsiro,4,Kivumu,3,Kabere
32,Rutsiro,4,Kivumu,4,Kabujenje
32,Rutsiro,4,Kivumu,5,Karambi
32,Rutsiro,4,Kivumu,6,Nganzo
32,Rutsiro,5,Manihira,1,Haniro
32,Rutsiro,5,Manihira,2,Muyira
32,Rutsiro,5,Manihira,3,Tangabo
32,Rutsiro,6,Mukura,1,Kabuga
32,Rutsiro,6,Mukura,2,Kagano
32,Rutsiro,6,Mukura,3,Kageyo
32,Rutsiro,6,Mukura,4,Kagusa
32,Rutsiro,6,Mukura,5,Karambo
32,Rutsiro,6,Mukura,6,Mwendo
32,Rutsiro,7,Murunda,1,Kirwa
32,Rutsiro,7,Murunda,2,Mburamazi
32,Rutsiro,7,Murunda,3,Rugeyo
32,Rutsiro,7,Murunda,4,Twabugezi
32,Rutsiro,8,Musasa,1,Gabiro
32,Rutsiro,8,Musasa,2,Gisiza
32,Rutsiro,8,Musasa,3,Murambi
32,Rutsiro,8,Musasa,4,Nyarubuye
32,Rutsiro,9,Mushonyi,1,Biruyi
32,Rutsiro,9,Mushonyi,2,Kaguriro
32,Rutsiro,9,Mushonyi,3,Magaba
32,Rutsiro,9,Mushonyi,4,Rurara
33,Rubavu,1,Bugeshi,1,Buringo
33,Rubavu,1,Bugeshi,2,Butaka
33,Rubavu,1,Bugeshi,3,Hehu
33,Rubavu,1,Bugeshi,4,Kabumba
33,Rubavu,1,Bugeshi,5,Mutovu
33,Rubavu,1,Bugeshi,6,Nsherima
33,Rubavu,1,Bugeshi,7,Rusiza
33,Rubavu,10,Nyundo,1,Bahimba
33,Rubavu,10,Nyundo,2,Gatovu
33,Rubavu,10,Nyundo,3,Kavomo
33,Rubavu,10,Nyundo,4,Kigarama
33,Rubavu,10,Nyundo,5,Mukondo
33,Rubavu,10,Nyundo,6,Nyundo
33,Rubavu,10,Nyundo,7,Terimbere
33,Rubavu,11,Rubavu,1,Buhaza
33,Rubavu,11,Rubavu,2,Burinda
33,Rubavu,11,Rubavu,3,Byahi
33,Rubavu,11,Rubavu,4,Gikombe
33,Rubavu,11,Rubavu,5,Murambi
33,Rubavu,11,Rubavu,6,Murara
33,Rubavu,11,Rubavu,7,Rukoko
33,Rubavu,12,Rugerero,1,Basa
33,Rubavu,12,Rugerero,2,Gisa
33,Rubavu,12,Rugerero,3,Kabilizi
33,Rubavu,12,Rugerero,4,Muhira
33,Rubavu,12,Rugerero,5,Rugerero
33,Rubavu,12,Rugerero,6,Rushubi
33,Rubavu,12,Rugerero,7,Rwaza
33,Rubavu,2,Busasamana,1,Gacurabwenge
33,Rubavu,2,Busasamana,2,Gasiza
33,Rubavu,2,Busasamana,3,Gihonga
33,Rubavu,2,Busasamana,4,Kageshi
33,Rubavu,2,Busasamana,5,Makoro
33,Rubavu,2,Busasamana,6,Nyacyonga
33,Rubavu,2,Busasamana,7,Rusura
33,Rubavu,3,Cyanzarwe,1,Busigari
33,Rubavu,3,Cyanzarwe,2,Cyanzarwe
33,Rubavu,3,Cyanzarwe,3,Gora
33,Rubavu,3,Cyanzarwe,4,Kinyanzovu
33,Rubavu,3,Cyanzarwe,5,Makurizo
33,Rubavu,3,Cyanzarwe,6,Rwangara
33,Rubavu,3,Cyanzarwe,7,Rwanzekuma
33,Rubavu,3,Cyanzarwe,8,Ryabizige
33,Rubavu,4,Gisenyi,1,Amahoro
33,Rubavu,4,Gisenyi,2,Bugoyi
33,Rubavu,4,Gisenyi,3,Kivumu
33,Rubavu,4,Gisenyi,4,Mbugangari
33,Rubavu,4,Gisenyi,5,Nengo
33,Rubavu,4,Gisenyi,6,Rubavu
33,Rubavu,4,Gisenyi,7,Umuganda
33,Rubavu,5,Kanama,1,Kamuhoza
33,Rubavu,5,Kanama,2,Karambo
33,Rubavu,5,Kanama,3,Mahoko
33,Rubavu,5,Kanama,4,Musabike
33,Rubavu,5,Kanama,5,Nkomane
33,Rubavu,5,Kanama,6,Rusongati
33,Rubavu,5,Kanama,7,Yungwe
33,Rubavu,6,Kanzenze,1,Kanyirabigogo
33,Rubavu,6,Kanzenze,2,Kirerema
33,Rubavu,6,Kanzenze,3,Muramba
33,Rubavu,6,Kanzenze,4,Nyamikongi
33,Rubavu,6,Kanzenze,5,Nyamirango
33,Rubavu,6,Kanzenze,6,Nyaruteme
33,Rubavu,7,Mudende,1,Bihungwe
33,Rubavu,7,Mudende,2,Kanyundo
33,Rubavu,7,Mudende,3,Micinyiro
33,Rubavu,7,Mudende,4,Mirindi
33,Rubavu,7,Mudende,5,Ndoranyi
33,Rubavu,7,Mudende,6,Rungu
33,Rubavu,7,Mudende,7,Rwanyakayaga
33,Rubavu,8,Nyakiriba,1,Bisizi
33,Rubavu,8,Nyakiriba,2,Gikombe
33,Rubavu,8,Nyakiriba,3,Kanyefurwe
33,Rubavu,8,Nyakiriba,4,Nyarushyamba
33,Rubavu,9,Nyamyumba,1,Burushya
33,Rubavu,9,Nyamyumba,2,Busoro
33,Rubavu,9,Nyamyumba,3,Kinigi
33,Rubavu,9,Nyamyumba,4,Kiraga
33,Rubavu,9,Nyamyumba,5,Munanira
33,Rubavu,9,Nyamyumba,6,Rubona
34,Nyabihu,1,Bigogwe,1,Arusha
34,Nyabihu,1,Bigogwe,2,Basumba
34,Nyabihu,1,Bigogwe,3,Kijote
34,Nyabihu,1,Bigogwe,4,Kora
34,Nyabihu,1,Bigogwe,5,Muhe
34,Nyabihu,1,Bigogwe,6,Rega
34,Nyabihu,10,Rugera,1,Gakoro
34,Nyabihu,10,Rugera,2,Marangara
34,Nyabihu,10,Rugera,3,Nyagahondo
34,Nyabihu,10,Rugera,4,Nyarutembe
34,Nyabihu,10,Rugera,5,Rurembo
34,Nyabihu,10,Rugera,6,Tyazo
34,Nyabihu,11,Rurembo,1,Gahondo
34,Nyabihu,11,Rurembo,2,Gitega
34,Nyabihu,11,Rurembo,3,Kirimbogo
34,Nyabihu,11,Rurembo,4,Murambi
34,Nyabihu,11,Rurembo,5,Mwana
34,Nyabihu,11,Rurembo,6,Rwaza
34,Nyabihu,12,Shyira,1,Cyimanzovu
34,Nyabihu,12,Shyira,2,Kanyamitana
34,Nyabihu,12,Shyira,3,Kintarure
34,Nyabihu,12,Shyira,4,Mpinga
34,Nyabihu,12,Shyira,5,Mutanda
34,Nyabihu,12,Shyira,6,Shaki
34,Nyabihu,2,Jenda,1,Bukinanyana
34,Nyabihu,2,Jenda,2,Gasizi
34,Nyabihu,2,Jenda,3,Kabatezi
34,Nyabihu,2,Jenda,4,Kareba
34,Nyabihu,2,Jenda,5,Nyirakigugu
34,Nyabihu,2,Jenda,6,Rega
34,Nyabihu,3,Jomba,1,Gasiza
34,Nyabihu,3,Jomba,2,Gasura
34,Nyabihu,3,Jomba,3,Gisizi
34,Nyabihu,3,Jomba,4,Guriro
34,Nyabihu,3,Jomba,5,Kavumu
34,Nyabihu,3,Jomba,6,Nyamitanzi
34,Nyabihu,4,Kabatwa,1,Batikoti
34,Nyabihu,4,Kabatwa,2,Cyamvumba
34,Nyabihu,4,Kabatwa,3,Gihorwe
34,Nyabihu,4,Kabatwa,4,Myuga
34,Nyabihu,4,Kabatwa,5,Ngando
34,Nyabihu,4,Kabatwa,6,Rugarama
34,Nyabihu,5,Karago,1,Busoro
34,Nyabihu,5,Karago,2,Cyamabuye
34,Nyabihu,5,Karago,3,Gatagara
34,Nyabihu,5,Karago,4,Gihirwa
34,Nyabihu,5,Karago,5,Kadahenda
34,Nyabihu,5,Karago,6,Karengera
34,Nyabihu,6,Kintobo,1,Gatovu
34,Nyabihu,6,Kintobo,2,Kintobo
34,Nyabihu,6,Kintobo,3,Nyagisozi
34,Nyabihu,6,Kintobo,4,Nyamugari
34,Nyabihu,6,Kintobo,5,Rukondo
34,Nyabihu,6,Kintobo,6,Ryinyo
34,Nyabihu,7,Mukamira,1,Gasizi
34,Nyabihu,7,Mukamira,2,Jaba
34,Nyabihu,7,Mukamira,3,Kanyove
34,Nyabihu,7,Mukamira,4,Rubaya
34,Nyabihu,7,Mukamira,5,Rugeshi
34,Nyabihu,7,Mukamira,6,Rukoma
34,Nyabihu,7,Mukamira,7,Rurengeri
34,Nyabihu,8,Muringa,1,Gisizi
34,Nyabihu,8,Muringa,2,Mulinga
34,Nyabihu,8,Muringa,3,Mwiyanike
34,Nyabihu,8,Muringa,4,Nkomane
34,Nyabihu,8,Muringa,5,Nyamasheke
34,Nyabihu,8,Muringa,6,Rwantobo
34,Nyabihu,9,Rambura,1,Birembo
34,Nyabihu,9,Rambura,2,Guriro
34,Nyabihu,9,Rambura,3,Kibisabo
34,Nyabihu,9,Rambura,4,Mutaho
34,Nyabihu,9,Rambura,5,Nyundo
34,Nyabihu,9,Rambura,6,Rugamba
35,Ngororero,1,BWIRA,1,Bungwe
35,Ngororero,1,BWIRA,2,Cyahafi
35,Ngororero,1,BWIRA,3,Gashubi
35,Ngororero,1,BWIRA,4,Kabarondo
35,Ngororero,1,BWIRA,5,Ruhindage
35,Ngororero,10,NDARO,1,Bijyojyo
35,Ngororero,10,NDARO,2,Bitabage
35,Ngororero,10,NDARO,3,Kabageshi
35,Ngororero,10,NDARO,4,Kibanda
35,Ngororero,10,NDARO,5,Kinyovi
35,Ngororero,11,NGORORERO,1,Kaseke
35,Ngororero,11,NGORORERO,2,Kazabe
35,Ngororero,11,NGORORERO,3,Mugano
35,Ngororero,11,NGORORERO,4,Nyange
35,Ngororero,11,NGORORERO,5,Rususa
35,Ngororero,11,NGORORERO,6,Torero
35,Ngororero,12,NYANGE,1,Bambiro
35,Ngororero,12,NYANGE,2,Gaseke
35,Ngororero,12,NYANGE,3,Nsibo
35,Ngororero,12,NYANGE,4,Vuganyana
35,Ngororero,13,SOVU,1,Birembo
35,Ngororero,13,SOVU,2,Kagano
35,Ngororero,13,SOVU,3,Kanyana
35,Ngororero,13,SOVU,4,Musenyi
35,Ngororero,13,SOVU,5,Nyabipfura
35,Ngororero,13,SOVU,6,Rutovu
35,Ngororero,2,GATUMBA,1,Cyome
35,Ngororero,2,GATUMBA,2,Gatsibo
35,Ngororero,2,GATUMBA,3,Kamasiga
35,Ngororero,2,GATUMBA,4,Karambo
35,Ngororero,2,GATUMBA,5,Ruhanga
35,Ngororero,2,GATUMBA,6,Rusumo
35,Ngororero,3,HINDIRO,1,Gatare
35,Ngororero,3,HINDIRO,2,Gatega
35,Ngororero,3,HINDIRO,3,Kajinge
35,Ngororero,3,HINDIRO,4,Marantima
35,Ngororero,3,HINDIRO,5,Rugendabari
35,Ngororero,3,HINDIRO,6,Runyinya
35,Ngororero,4,KABAYA,1,Busunzu
35,Ngororero,4,KABAYA,2,Gaseke
35,Ngororero,4,KABAYA,3,Kabaya
35,Ngororero,4,KABAYA,4,Mwendo
35,Ngororero,4,KABAYA,5,Ngoma
35,Ngororero,4,KABAYA,6,Nyenyeri
35,Ngororero,5,KAGEYO,1,Kageshi
35,Ngororero,5,KAGEYO,2,Kirwa
35,Ngororero,5,KAGEYO,3,Mukore
35,Ngororero,5,KAGEYO,4,Muramba
35,Ngororero,5,KAGEYO,5,Nyamata
35,Ngororero,5,KAGEYO,6,Rwamamara
35,Ngororero,6,KAVUMU,1,Birembo
35,Ngororero,6,KAVUMU,2,Gitwa
35,Ngororero,6,KAVUMU,3,Murinzi
35,Ngororero,6,KAVUMU,4,Nyamugeyo
35,Ngororero,6,KAVUMU,5,Rugeshi
35,Ngororero,6,KAVUMU,6,Tetero
35,Ngororero,7,MATYAZO,1,Binana
35,Ngororero,7,MATYAZO,2,Gitega
35,Ngororero,7,MATYAZO,3,Matare
35,Ngororero,7,MATYAZO,4,Rutare
35,Ngororero,7,MATYAZO,5,Rwamiko
35,Ngororero,8,MUHANDA,1,Bugarula
35,Ngororero,8,MUHANDA,1,Bugarura
35,Ngororero,8,MUHANDA,2,Gasiza
35,Ngororero,8,MUHANDA,3,Mashya
35,Ngororero,8,MUHANDA,4,Nganzo
35,Ngororero,8,MUHANDA,5,Ngoma
35,Ngororero,8,MUHANDA,6,Rutagara
35,Ngororero,9,MUHORORO,1,Bweramana
35,Ngororero,9,MUHORORO,2,Mubuga
35,Ngororero,9,MUHORORO,3,Myiha
35,Ngororero,9,MUHORORO,4,Rugogwe
35,Ngororero,9,MUHORORO,5,Rusororo
35,Ngororero,9,MUHORORO,6,Sanza
36,Rusizi,1,Bugarama,1,Nyange
36,Rusizi,1,Bugarama,2,Pera
36,Rusizi,1,Bugarama,3,Ryankana
36,Rusizi,10,Muganza,1,Cyarukara
36,Rusizi,10,Muganza,2,Gakoni
36,Rusizi,10,Muganza,3,Shara
36,Rusizi,11,Mururu,1,Gahinga
36,Rusizi,11,Mururu,2,Kabahinda
36,Rusizi,11,Mururu,3,Kabasigirira
36,Rusizi,11,Mururu,4,Kagarama
36,Rusizi,11,Mururu,5,Karambi
36,Rusizi,11,Mururu,6,Miko
36,Rusizi,11,Mururu,7,Tara
36,Rusizi,12,Nkanka,1,Gitwa
36,Rusizi,12,Nkanka,2,Kamanyenga
36,Rusizi,12,Nkanka,3,Kangazi
36,Rusizi,12,Nkanka,4,Kinyaga
36,Rusizi,12,Nkanka,5,Rugabano
36,Rusizi,13,Nkombo,1,Bigoga
36,Rusizi,13,Nkombo,2,Bugarura
36,Rusizi,13,Nkombo,3,Ishywa
36,Rusizi,13,Nkombo,4,Kamagimbo
36,Rusizi,13,Nkombo,5,Rwenje
36,Rusizi,14,Nkungu,1,Gatare
36,Rusizi,14,Nkungu,2,Kiziguro
36,Rusizi,14,Nkungu,3,Mataba
36,Rusizi,14,Nkungu,4,Ryamuhirwa
36,Rusizi,15,Nyakabuye,1,Gasebeya
36,Rusizi,15,Nyakabuye,2,Gaseke
36,Rusizi,15,Nyakabuye,3,Kamanu
36,Rusizi,15,Nyakabuye,4,Kiziho
36,Rusizi,15,Nyakabuye,5,Mashyuza
36,Rusizi,15,Nyakabuye,6,Nyabintare
36,Rusizi,16,Nyakarenzo,1,Gatare
36,Rusizi,16,Nyakarenzo,2,Kabagina
36,Rusizi,16,Nyakarenzo,3,Kabuye
36,Rusizi,16,Nyakarenzo,4,Kanoga
36,Rusizi,16,Nyakarenzo,5,Karangiro
36,Rusizi,16,Nyakarenzo,6,Murambi
36,Rusizi,16,Nyakarenzo,7,Rusambu
36,Rusizi,17,Nzahaha,1,Butambamo
36,Rusizi,17,Nzahaha,2,Kigenge
36,Rusizi,17,Nzahaha,3,Murya
36,Rusizi,17,Nzahaha,4,Nyenji
36,Rusizi,17,Nzahaha,5,Rebero
36,Rusizi,17,Nzahaha,6,Rwinzuki
36,Rusizi,18,Rwimbogo,1,Karenge
36,Rusizi,18,Rwimbogo,2,Muhehwe
36,Rusizi,18,Rwimbogo,3,Mushaka
36,Rusizi,18,Rwimbogo,4,Rubugu
36,Rusizi,18,Rwimbogo,5,Ruganda
36,Rusizi,2,Butare,1,Butanda
36,Rusizi,2,Butare,2,Gatereri
36,Rusizi,2,Butare,3,Nyamihanda
36,Rusizi,2,Butare,4,Rwambogo
36,Rusizi,3,Bweyeye,1,Gikungu
36,Rusizi,3,Bweyeye,2,Kiyabo
36,Rusizi,3,Bweyeye,3,Murwa
36,Rusizi,3,Bweyeye,4,Nyamuzi
36,Rusizi,3,Bweyeye,5,Rasano
36,Rusizi,4,Gashonga,1,Birembo
36,Rusizi,4,Gashonga,2,Buhokoro
36,Rusizi,4,Gashonga,3,Kabakobwa
36,Rusizi,4,Gashonga,4,Kacyuma
36,Rusizi,4,Gashonga,5,Kamurehe
36,Rusizi,4,Gashonga,6,Karemereye
36,Rusizi,4,Gashonga,7,Muti
36,Rusizi,4,Gashonga,8,Rusayo
36,Rusizi,5,Giheke,1,Cyendajuru
36,Rusizi,5,Giheke,2,Gakomeye
36,Rusizi,5,Giheke,3,Giheke
36,Rusizi,5,Giheke,4,Kamashangi
36,Rusizi,5,Giheke,5,Kigenge
36,Rusizi,5,Giheke,6,Ntura
36,Rusizi,5,Giheke,7,Rwega
36,Rusizi,5,Giheke,8,Turambi
36,Rusizi,6,Gihundwe,1,Burunga
36,Rusizi,6,Gihundwe,2,Gatsiro
36,Rusizi,6,Gihundwe,3,Gihaya
36,Rusizi,6,Gihundwe,4,Kagara
36,Rusizi,6,Gihundwe,5,Kamatita
36,Rusizi,6,Gihundwe,6,Shagasha
36,Rusizi,7,Gikundamvura,1,Kizura
36,Rusizi,7,Gikundamvura,2,Mpinga
36,Rusizi,7,Gikundamvura,3,Nyamigina
36,Rusizi,8,Gitambi,1,Cyingwa
36,Rusizi,8,Gitambi,2,Gahungeri
36,Rusizi,8,Gitambi,3,Hangabashi
36,Rusizi,8,Gitambi,4,Mashesha
36,Rusizi,9,Kamembe,1,Cyangugu
36,Rusizi,9,Kamembe,2,Gihundwe
36,Rusizi,9,Kamembe,3,Kamashangi
36,Rusizi,9,Kamembe,4,Kamurera
36,Rusizi,9,Kamembe,5,Ruganda
37,Nyamasheke,1,Bushekeri,1,Buvungira
37,Nyamasheke,1,Bushekeri,2,Mpumbu
37,Nyamasheke,1,Bushekeri,3,Ngoma
37,Nyamasheke,1,Bushekeri,4,Nyarusange
37,Nyamasheke,10,Macuba,1,Gatare
37,Nyamasheke,10,Macuba,2,Mutongo
37,Nyamasheke,10,Macuba,3,Nyakabingo
37,Nyamasheke,10,Macuba,4,Rugari
37,Nyamasheke,10,Macuba,5,Vugangoma
37,Nyamasheke,11,Mahembe,1,Gisoke
37,Nyamasheke,11,Mahembe,2,Kagarama
37,Nyamasheke,11,Mahembe,3,Nyagatare
37,Nyamasheke,11,Mahembe,4,Nyakavumu
37,Nyamasheke,12,Nyabitekeri,1,Kigabiro
37,Nyamasheke,12,Nyabitekeri,2,Kinunga
37,Nyamasheke,12,Nyabitekeri,3,Mariba
37,Nyamasheke,12,Nyabitekeri,4,Muyange
37,Nyamasheke,12,Nyabitekeri,5,Ntango
37,Nyamasheke,13,Rangiro,1,Banda
37,Nyamasheke,13,Rangiro,2,Gakenke
37,Nyamasheke,13,Rangiro,3,Jurwe
37,Nyamasheke,13,Rangiro,4,Murambi
37,Nyamasheke,14,Ruharambuga,1,Kanazi
37,Nyamasheke,14,Ruharambuga,2,Ntendezi
37,Nyamasheke,14,Ruharambuga,3,Save
37,Nyamasheke,14,Ruharambuga,4,Wimana
37,Nyamasheke,15,Shangi,1,Burimba
37,Nyamasheke,15,Shangi,2,Mataba
37,Nyamasheke,15,Shangi,3,Mugera
37,Nyamasheke,15,Shangi,4,Nyamugari
37,Nyamasheke,15,Shangi,5,Shangi
37,Nyamasheke,2,Bushenge,1,Gasheke
37,Nyamasheke,2,Bushenge,2,Impala
37,Nyamasheke,2,Bushenge,3,Kagatamu
37,Nyamasheke,2,Bushenge,4,Karusimbi
37,Nyamasheke,3,Cyato,1,Bisumo
37,Nyamasheke,3,Cyato,2,Murambi
37,Nyamasheke,3,Cyato,3,Mutongo
37,Nyamasheke,3,Cyato,4,Rugari
37,Nyamasheke,4,Gihombo,1,Butare
37,Nyamasheke,4,Gihombo,2,Gitwa
37,Nyamasheke,4,Gihombo,3,Jarama
37,Nyamasheke,4,Gihombo,4,Kibingo
37,Nyamasheke,4,Gihombo,5,Mubuga
37,Nyamasheke,5,Kagano,1,Gako
37,Nyamasheke,5,Kagano,2,Mubumbano
37,Nyamasheke,5,Kagano,3,Ninzi
37,Nyamasheke,5,Kagano,4,Rwesero
37,Nyamasheke,5,Kagano,5,Shara
37,Nyamasheke,6,Kanjongo,1,Kibogora
37,Nyamasheke,6,Kanjongo,2,Kigarama
37,Nyamasheke,6,Kanjongo,3,Kigoya
37,Nyamasheke,6,Kanjongo,4,Raro
37,Nyamasheke,6,Kanjongo,5,Susa
37,Nyamasheke,7,Karambi,1,Gasovu
37,Nyamasheke,7,Karambi,2,Gitwe
37,Nyamasheke,7,Karambi,3,Kabuga
37,Nyamasheke,7,Karambi,4,Kagarama
37,Nyamasheke,7,Karambi,5,Rushyarara
37,Nyamasheke,8,Karengera,1,Gasayo
37,Nyamasheke,8,Karengera,2,Gashashi
37,Nyamasheke,8,Karengera,3,Higiro
37,Nyamasheke,8,Karengera,4,Miko
37,Nyamasheke,8,Karengera,5,Mwezi
37,Nyamasheke,9,Kirimbi,1,Cyimpindu
37,Nyamasheke,9,Kirimbi,2,Karengera
37,Nyamasheke,9,Kirimbi,3,Muhororo
37,Nyamasheke,9,Kirimbi,4,Nyarusange
41,Rulindo,1,BASE,1,Cyohoha
41,Rulindo,1,BASE,2,Gitare
41,Rulindo,1,BASE,3,Rwamahwa
41,Rulindo,10,MBOGO,1,Bukoro
41,Rulindo,10,MBOGO,2,Mushari
41,Rulindo,10,MBOGO,3,Ngiramazi
41,Rulindo,10,MBOGO,4,Rurenge
41,Rulindo,11,MURAMBI,1,Bubangu
41,Rulindo,11,MURAMBI,2,Gatwa
41,Rulindo,11,MURAMBI,3,Mugambazi
41,Rulindo,11,MURAMBI,4,Mvuzo
41,Rulindo,12,NGOMA,1,Kabuga
41,Rulindo,12,NGOMA,2,Karambo
41,Rulindo,12,NGOMA,3,Mugote
41,Rulindo,12,NGOMA,4,Munyarwanda
41,Rulindo,13,NTARABANA,1,Kajevuba
41,Rulindo,13,NTARABANA,2,Kiyanza
41,Rulindo,13,NTARABANA,3,Mahaza
41,Rulindo,14,RUKOZO,1,Buraro
41,Rulindo,14,RUKOZO,2,Bwimo
41,Rulindo,14,RUKOZO,3,Mberuka
41,Rulindo,14,RUKOZO,4,Mbuye
41,Rulindo,15,RUSIGA,1,Gako
41,Rulindo,15,RUSIGA,2,Kirenge
41,Rulindo,15,RUSIGA,3,Taba
41,Rulindo,16,SHYORONGI,1,Bugaragara
41,Rulindo,16,SHYORONGI,2,Kijabagwe
41,Rulindo,16,SHYORONGI,3,Muvumu
41,Rulindo,16,SHYORONGI,4,Rubona
41,Rulindo,16,SHYORONGI,5,Rutonde
41,Rulindo,17,TUMBA,1,Barari
41,Rulindo,17,TUMBA,2,Gahabwa
41,Rulindo,17,TUMBA,3,Misezero
41,Rulindo,17,TUMBA,4,Nyirabirori
41,Rulindo,17,TUMBA,5,Taba
41,Rulindo,2,BUREGA,1,Butangampundu
41,Rulindo,2,BUREGA,2,Karengeri
41,Rulindo,2,BUREGA,3,Taba
41,Rulindo,3,BUSHOKI,1,Gasiza
41,Rulindo,3,BUSHOKI,2,Giko
41,Rulindo,3,BUSHOKI,3,Kayenzi
41,Rulindo,3,BUSHOKI,4,Mukoto
41,Rulindo,3,BUSHOKI,5,Nyirangarama
41,Rulindo,4,BUYOGA,1,Busoro
41,Rulindo,4,BUYOGA,2,Butare
41,Rulindo,4,BUYOGA,3,Gahororo
41,Rulindo,4,BUYOGA,4,Gitumba
41,Rulindo,4,BUYOGA,5,Karama
41,Rulindo,4,BUYOGA,6,Mwumba
41,Rulindo,4,BUYOGA,7,Ndarage
41,Rulindo,5,CYINZUZI,1,Budakiranya
41,Rulindo,5,CYINZUZI,2,Migendezo
41,Rulindo,5,CYINZUZI,3,Rudogo
41,Rulindo,6,CYUNGO,1,Burehe
41,Rulindo,6,CYUNGO,2,Marembo
41,Rulindo,6,CYUNGO,3,Rwili
41,Rulindo,7,KINIHIRA,1,Butunzi
41,Rulindo,7,KINIHIRA,2,Karegamazi
41,Rulindo,7,KINIHIRA,3,Marembo
41,Rulindo,7,KINIHIRA,4,Rebero
41,Rulindo,8,KISARO,1,Gitatsa
41,Rulindo,8,KISARO,2,Kamushenyi
41,Rulindo,8,KISARO,3,Kigarama
41,Rulindo,8,KISARO,4,Mubuga
41,Rulindo,8,KISARO,5,Murama
41,Rulindo,8,KISARO,6,Sayo
41,Rulindo,9,MASORO,1,Kabuga
41,Rulindo,9,MASORO,2,Kigarama
41,Rulindo,9,MASORO,3,Kivugiza
41,Rulindo,9,MASORO,4,Nyamyumba
41,Rulindo,9,MASORO,5,Shengampuli
42,Gakenke,1,Busengo,1,Birambo
42,Gakenke,1,Busengo,2,Butereri
42,Gakenke,1,Busengo,3,Byibuhiro
42,Gakenke,1,Busengo,4,Kamina
42,Gakenke,1,Busengo,5,Kirabo
42,Gakenke,1,Busengo,6,Mwumba
42,Gakenke,1,Busengo,7,Ruhanga
42,Gakenke,10,Mataba,1,Buyange
42,Gakenke,10,Mataba,2,Gikombe
42,Gakenke,10,Mataba,3,Nyundo
42,Gakenke,11,Minazi,1,Gasiho
42,Gakenke,11,Minazi,2,Munyana
42,Gakenke,11,Minazi,3,Murambi
42,Gakenke,11,Minazi,4,Raba
42,Gakenke,12,Mugunga,1,Gahinga
42,Gakenke,12,Mugunga,2,Munyana
42,Gakenke,12,Mugunga,3,Mutego
42,Gakenke,12,Mugunga,4,Nkomane
42,Gakenke,12,Mugunga,5,Rutabo
42,Gakenke,12,Mugunga,6,Rutenderi
42,Gakenke,12,Mugunga,7,Rwamambe
42,Gakenke,13,Muhondo,1,Busake
42,Gakenke,13,Muhondo,2,Bwenda
42,Gakenke,13,Muhondo,3,Gasiza
42,Gakenke,13,Muhondo,4,Gihinga
42,Gakenke,13,Muhondo,5,Huro
42,Gakenke,13,Muhondo,6,Musagara
42,Gakenke,13,Muhondo,7,Musenyi
42,Gakenke,13,Muhondo,8,Ruganda
42,Gakenke,13,Muhondo,9,Rwinkuba
42,Gakenke,14,Muyongwe,1,Bumba
42,Gakenke,14,Muyongwe,2,Gisiza
42,Gakenke,14,Muyongwe,3,Karyango
42,Gakenke,14,Muyongwe,4,Nganzo
42,Gakenke,14,Muyongwe,5,Va
42,Gakenke,15,Muzo,1,Kabatezi
42,Gakenke,15,Muzo,2,Kiryamo
42,Gakenke,15,Muzo,3,Mubuga
42,Gakenke,15,Muzo,4,Mwiyando
42,Gakenke,15,Muzo,5,Rwa
42,Gakenke,16,Nemba,1,Buranga
42,Gakenke,16,Nemba,2,Gahinga
42,Gakenke,16,Nemba,3,Gisozi
42,Gakenke,16,Nemba,4,Mucaca
42,Gakenke,17,Ruli,1,Busoro
42,Gakenke,17,Ruli,2,Gikingo
42,Gakenke,17,Ruli,3,Jango
42,Gakenke,17,Ruli,4,Ruli
42,Gakenke,17,Ruli,5,Rwesero
42,Gakenke,18,Rusasa,1,Gataba
42,Gakenke,18,Rusasa,2,Kamonyi
42,Gakenke,18,Rusasa,3,Murambi
42,Gakenke,18,Rusasa,4,Nyundo
42,Gakenke,18,Rusasa,5,Rumbi
42,Gakenke,18,Rusasa,6,Rurembo
42,Gakenke,19,Rushashi,1,Burimba
42,Gakenke,19,Rushashi,2,Busanane
42,Gakenke,19,Rushashi,3,Joma
42,Gakenke,19,Rushashi,4,Kageyo
42,Gakenke,19,Rushashi,5,Mbogo
42,Gakenke,19,Rushashi,6,Razi
42,Gakenke,19,Rushashi,7,Rwankuba
42,Gakenke,19,Rushashi,8,Shyombwe
42,Gakenke,2,Coko,1,Kiruku
42,Gakenke,2,Coko,2,Mbirima
42,Gakenke,2,Coko,3,Nyange
42,Gakenke,2,Coko,4,Nyanza
42,Gakenke,3,Cyabingo,1,Muhaza
42,Gakenke,3,Cyabingo,2,Muhororo
42,Gakenke,3,Cyabingo,3,Muramba
42,Gakenke,3,Cyabingo,4,Mutanda
42,Gakenke,3,Cyabingo,5,Rukore
42,Gakenke,4,Gakenke,1,Buheta
42,Gakenke,4,Gakenke,2,Kagoma
42,Gakenke,4,Gakenke,3,Nganzo
42,Gakenke,4,Gakenke,4,Rusagara
42,Gakenke,5,Gashenyi,1,Nyacyina
42,Gakenke,5,Gashenyi,2,Rukura
42,Gakenke,5,Gashenyi,3,Rutabo
42,Gakenke,5,Gashenyi,4,Rutenderi
42,Gakenke,5,Gashenyi,5,Taba
42,Gakenke,6,Janja,1,Gakindo
42,Gakenke,6,Janja,2,Gashyamba
42,Gakenke,6,Janja,3,Gatwa
42,Gakenke,6,Janja,4,Karukungu
42,Gakenke,7,Kamubuga,1,Kamubuga
42,Gakenke,7,Kamubuga,2,Kidomo
42,Gakenke,7,Kamubuga,3,Mbatabata
42,Gakenke,7,Kamubuga,4,Rukore
42,Gakenke,8,Karambo,1,Kanyanza
42,Gakenke,8,Karambo,2,Karambo
42,Gakenke,8,Karambo,3,Kirebe
42,Gakenke,9,Kivuruga,1,Cyintare
42,Gakenke,9,Kivuruga,2,Gasiza
42,Gakenke,9,Kivuruga,3,Rugimbu
42,Gakenke,9,Kivuruga,4,Ruhinga
42,Gakenke,9,Kivuruga,5,Sereri
43,Musanze,1,Busogo,1,Gisesero
43,Musanze,1,Busogo,2,Kavumu
43,Musanze,1,Busogo,3,Nyagisozi
43,Musanze,1,Busogo,4,Sahara
43,Musanze,10,Musanze,1,Cyabagarura
43,Musanze,10,Musanze,2,Garuka
43,Musanze,10,Musanze,3,Kabazungu
43,Musanze,10,Musanze,4,Nyarubuye
43,Musanze,10,Musanze,5,Rwambogo
43,Musanze,11,Nkotsi,1,Bikara
43,Musanze,11,Nkotsi,2,Gashinga
43,Musanze,11,Nkotsi,3,Mubago
43,Musanze,11,Nkotsi,4,Rugeshi
43,Musanze,11,Nkotsi,5,Ruyumba
43,Musanze,12,Nyange,1,Cyivugiza
43,Musanze,12,Nyange,2,Kabeza
43,Musanze,12,Nyange,3,Kamwumba
43,Musanze,12,Nyange,4,Muhabura
43,Musanze,12,Nyange,5,Ninda
43,Musanze,13,Remera,1,Gasongero
43,Musanze,13,Remera,2,Kamisave
43,Musanze,13,Remera,3,Murandi
43,Musanze,13,Remera,4,Murwa
43,Musanze,13,Remera,5,Rurambo
43,Musanze,14,Rwaza,1,Bumara
43,Musanze,14,Rwaza,2,Kabushinge
43,Musanze,14,Rwaza,3,Musezero
43,Musanze,14,Rwaza,4,Nturo
43,Musanze,14,Rwaza,5,Nyarubuye
43,Musanze,15,Shingiro,1,Gakingo
43,Musanze,15,Shingiro,2,Kibuguzo
43,Musanze,15,Shingiro,3,Mudende
43,Musanze,15,Shingiro,4,Mugari
43,Musanze,2,Cyuve,1,Bukinanyana
43,Musanze,2,Cyuve,2,Buruba
43,Musanze,2,Cyuve,3,Cyanya
43,Musanze,2,Cyuve,4,Kabeza
43,Musanze,2,Cyuve,5,Migeshi
43,Musanze,2,Cyuve,6,Rwebeya
43,Musanze,3,Gacaca,1,Gakoro
43,Musanze,3,Gacaca,2,Gasakuza
43,Musanze,3,Gacaca,3,Kabirizi
43,Musanze,3,Gacaca,4,Karwasa
43,Musanze,4,Gashaki,1,Kigabiro
43,Musanze,4,Gashaki,2,Kivumu
43,Musanze,4,Gashaki,3,Mbwe
43,Musanze,4,Gashaki,4,Muharuro
43,Musanze,5,Gataraga,1,Mudakama
43,Musanze,5,Gataraga,2,Murago
43,Musanze,5,Gataraga,3,Rubindi
43,Musanze,5,Gataraga,4,Rungu
43,Musanze,6,Kimonyi,1,Birira
43,Musanze,6,Kimonyi,2,Buramira
43,Musanze,6,Kimonyi,3,Kivumu
43,Musanze,6,Kimonyi,4,Mbizi
43,Musanze,7,Kinigi,1,Bisoke
43,Musanze,7,Kinigi,2,Kaguhu
43,Musanze,7,Kinigi,3,Kampanga
43,Musanze,7,Kinigi,4,Nyabigoma
43,Musanze,7,Kinigi,5,Nyonirima
43,Musanze,8,Muhoza,1,Cyabararika
43,Musanze,8,Muhoza,2,Kigombe
43,Musanze,8,Muhoza,3,Mpenge
43,Musanze,8,Muhoza,4,Ruhengeri
43,Musanze,9,Muko,1,Cyivugiza
43,Musanze,9,Muko,2,Cyogo
43,Musanze,9,Muko,3,Mburabuturo
43,Musanze,9,Muko,4,Songa
44,Burera,1,Bungwe,1,Bungwe
44,Burera,1,Bungwe,2,Bushenya
44,Burera,1,Bungwe,3,Mudugari
44,Burera,1,Bungwe,4,Tumba
44,Burera,10,Kinyababa,1,Bugamba
44,Burera,10,Kinyababa,2,Kaganda
44,Burera,10,Kinyababa,3,Musasa
44,Burera,10,Kinyababa,4,Rutovu
44,Burera,11,Kivuye,1,Bukwashuri
44,Burera,11,Kivuye,2,Gashanje
44,Burera,11,Kivuye,3,Murwa
44,Burera,11,Kivuye,4,Nyirataba
44,Burera,12,Nemba,1,Kivumu
44,Burera,12,Nemba,2,Nyamugari
44,Burera,12,Nemba,3,Rubona
44,Burera,12,Nemba,4,Rushara
44,Burera,13,Rugarama,1,Cyahi
44,Burera,13,Rugarama,2,Gafumba
44,Burera,13,Rugarama,3,Karangara
44,Burera,13,Rugarama,4,Rurembo
44,Burera,14,Rugengabari,1,Kilibata
44,Burera,14,Rugengabari,2,Mucaca
44,Burera,14,Rugengabari,3,Nyanamo
44,Burera,14,Rugengabari,4,Rukandabyuma
44,Burera,15,Ruhunde,1,Gaseke
44,Burera,15,Ruhunde,2,Gatare
44,Burera,15,Ruhunde,3,Gitovu
44,Burera,15,Ruhunde,4,Rusekera
44,Burera,16,Rusarabuye,1,Kabona
44,Burera,16,Rusarabuye,2,Ndago
44,Burera,16,Rusarabuye,3,Ruhanga
44,Burera,17,Rwerere,1,Gacundura
44,Burera,17,Rwerere,2,Gashoro
44,Burera,17,Rwerere,3,Ruconsho
44,Burera,17,Rwerere,4,Rugari
44,Burera,2,Butaro,1,Gatsibo
44,Burera,2,Butaro,2,Mubuga
44,Burera,2,Butaro,3,Muhotora
44,Burera,2,Butaro,4,Nyamicucu
44,Burera,2,Butaro,5,Rusumo
44,Burera,3,Cyanika,1,Gasiza
44,Burera,3,Cyanika,2,Gisovu
44,Burera,3,Cyanika,3,Kabyiniro
44,Burera,3,Cyanika,4,Kagitega
44,Burera,3,Cyanika,5,Kamanyana
44,Burera,3,Cyanika,6,Nyagahinga
44,Burera,4,Cyeru,1,Butare
44,Burera,4,Cyeru,2,Ndongozi
44,Burera,4,Cyeru,3,Ruyange
44,Burera,5,Gahunga,1,Buramba
44,Burera,5,Gahunga,2,Gisizi
44,Burera,5,Gahunga,3,Kidakama
44,Burera,5,Gahunga,4,Nyangwe
44,Burera,5,Gahunga,5,Rwasa
44,Burera,6,Gatebe,1,Gabiro
44,Burera,6,Gatebe,2,Musenda
44,Burera,6,Gatebe,3,Rwambogo
44,Burera,6,Gatebe,4,Rwasa
44,Burera,7,Gitovu,1,Mariba
44,Burera,7,Gitovu,2,Musasa
44,Burera,7,Gitovu,3,Runoga
44,Burera,8,Kagogo,1,Kabaya
44,Burera,8,Kagogo,2,Kayenzi
44,Burera,8,Kagogo,3,Kiringa
44,Burera,8,Kagogo,4,Nyamabuye
44,Burera,9,Kinoni,1,Gafuka
44,Burera,9,Kinoni,2,Nkenke
44,Burera,9,Kinoni,3,Nkumba
44,Burera,9,Kinoni,4,Ntaruka
45,Gicumbi,1,Bukure,1,Karenge
45,Gicumbi,1,Bukure,2,Kigabiro
45,Gicumbi,1,Bukure,3,Kivumu
45,Gicumbi,1,Bukure,4,Rwesero
45,Gicumbi,10,Mukarange,1,Cyamuganga
45,Gicumbi,10,Mukarange,2,Gatenga
45,Gicumbi,10,Mukarange,3,Kiruhura
45,Gicumbi,10,Mukarange,4,Mutarama
45,Gicumbi,10,Mukarange,5,Rugerero
45,Gicumbi,10,Mukarange,6,Rusambya
45,Gicumbi,11,Muko,1,Cyamuhinda
45,Gicumbi,11,Muko,2,Kigoma
45,Gicumbi,11,Muko,3,Mwendo
45,Gicumbi,11,Muko,4,Ngange
45,Gicumbi,11,Muko,5,Rebero
45,Gicumbi,12,Mutete,1,Gaseke
45,Gicumbi,12,Mutete,2,Kabeza
45,Gicumbi,12,Mutete,3,Musenyi
45,Gicumbi,12,Mutete,4,Mutandi
45,Gicumbi,12,Mutete,5,Nyarubuye
45,Gicumbi,13,Nyamiyaga,1,Gahumuliza
45,Gicumbi,13,Nyamiyaga,2,Jamba
45,Gicumbi,13,Nyamiyaga,3,Kabeza
45,Gicumbi,13,Nyamiyaga,4,Kabuga
45,Gicumbi,13,Nyamiyaga,5,Karambo
45,Gicumbi,13,Nyamiyaga,6,Kiziba
45,Gicumbi,13,Nyamiyaga,7,Mataba
45,Gicumbi,14,Nyankenke,1,Butare
45,Gicumbi,14,Nyankenke,2,Kigogo
45,Gicumbi,14,Nyankenke,3,Kinishya
45,Gicumbi,14,Nyankenke,4,Rusasa
45,Gicumbi,14,Nyankenke,5,Rutete
45,Gicumbi,14,Nyankenke,6,Rwagihura
45,Gicumbi,14,Nyankenke,7,Yaramba
45,Gicumbi,15,Rubaya,1,Gihanga
45,Gicumbi,15,Rubaya,2,Gishambashayo
45,Gicumbi,15,Rubaya,3,Gishari
45,Gicumbi,15,Rubaya,4,Muguramo
45,Gicumbi,15,Rubaya,5,Nyamiyaga
45,Gicumbi,16,Rukomo,1,Cyeya
45,Gicumbi,16,Rukomo,2,Cyuru
45,Gicumbi,16,Rukomo,3,Gisiza
45,Gicumbi,16,Rukomo,4,Kinyami
45,Gicumbi,16,Rukomo,5,Mabare
45,Gicumbi,16,Rukomo,6,Munyinya
45,Gicumbi,17,Rushaki,1,Gitega
45,Gicumbi,17,Rushaki,2,Kamutora
45,Gicumbi,17,Rushaki,3,Karurama
45,Gicumbi,18,Rutare,1,Bikumba
45,Gicumbi,18,Rutare,2,Gasharu
45,Gicumbi,18,Rutare,3,Gatwaro
45,Gicumbi,18,Rutare,4,Kigabiro
45,Gicumbi,18,Rutare,5,Munanira
45,Gicumbi,18,Rutare,6,Nkoto
45,Gicumbi,19,Ruvune,1,Cyandaro
45,Gicumbi,19,Ruvune,2,Gasambya
45,Gicumbi,19,Ruvune,3,Gashirira
45,Gicumbi,19,Ruvune,4,Kabare
45,Gicumbi,19,Ruvune,5,Rebero
45,Gicumbi,19,Ruvune,6,Ruhondo
45,Gicumbi,2,Bwisige,1,Bwisige
45,Gicumbi,2,Bwisige,2,Gihuke
45,Gicumbi,2,Bwisige,3,Mukono
45,Gicumbi,2,Bwisige,4,Nyabushingitwa
45,Gicumbi,20,Rwamiko,1,Cyeru
45,Gicumbi,20,Rwamiko,2,Kigabiro
45,Gicumbi,20,Rwamiko,3,Nyagahinga
45,Gicumbi,21,Shangasha,1,Bushara
45,Gicumbi,21,Shangasha,2,Kitazigurwa
45,Gicumbi,21,Shangasha,3,Nyabishambi
45,Gicumbi,21,Shangasha,4,Nyabubare
45,Gicumbi,21,Shangasha,5,Shangasha
45,Gicumbi,3,Byumba,1,Gacurabwenge
45,Gicumbi,3,Byumba,2,Gisuna
45,Gicumbi,3,Byumba,3,Kibali
45,Gicumbi,3,Byumba,4,Kivugiza
45,Gicumbi,3,Byumba,5,Murama
45,Gicumbi,3,Byumba,6,Ngondore
45,Gicumbi,3,Byumba,7,Nyakabungo
45,Gicumbi,3,Byumba,8,Nyamabuye
45,Gicumbi,3,Byumba,9,Nyarutarama
45,Gicumbi,4,Cyumba,1,Gasunzu
45,Gicumbi,4,Cyumba,2,Muhambo
45,Gicumbi,4,Cyumba,3,Nyakabungo
45,Gicumbi,4,Cyumba,4,Nyambare
45,Gicumbi,4,Cyumba,5,Nyaruka
45,Gicumbi,4,Cyumba,6,Rwankonjo
45,Gicumbi,5,Giti,1,Gatobotobo
45,Gicumbi,5,Giti,2,Murehe
45,Gicumbi,5,Giti,3,Tanda
45,Gicumbi,6,Kageyo,1,Gihembe
45,Gicumbi,6,Kageyo,2,Horezo
45,Gicumbi,6,Kageyo,3,Kabuga
45,Gicumbi,6,Kageyo,4,Muhondo
45,Gicumbi,6,Kageyo,5,Nyamiyaga
45,Gicumbi,7,Kaniga,1,Bugomba
45,Gicumbi,7,Kaniga,2,Gatoma
45,Gicumbi,7,Kaniga,3,Mulindi
45,Gicumbi,7,Kaniga,4,Nyarwambu
45,Gicumbi,7,Kaniga,5,Rukurura
45,Gicumbi,8,Manyagiro,1,Kabuga
45,Gicumbi,8,Manyagiro,2,Nyiragifumba
45,Gicumbi,8,Manyagiro,3,Nyiravugiza
45,Gicumbi,8,Manyagiro,4,Remera
45,Gicumbi,8,Manyagiro,5,Rusekera
45,Gicumbi,8,Manyagiro,6,Ryaruyumba
45,Gicumbi,9,Miyove,1,Gakenke
45,Gicumbi,9,Miyove,2,Miyove
45,Gicumbi,9,Miyove,3,Mubuga
51,Rwamagana,1,Fumbwe,1,Mununu
51,Rwamagana,1,Fumbwe,2,Nyagasambu
51,Rwamagana,1,Fumbwe,3,Nyakagunga
51,Rwamagana,1,Fumbwe,4,Nyamirama
51,Rwamagana,1,Fumbwe,5,Nyarubuye
51,Rwamagana,1,Fumbwe,6,Sasabirago
51,Rwamagana,10,Muyumbu,1,Akinyambo
51,Rwamagana,10,Muyumbu,2,Bujyujyu
51,Rwamagana,10,Muyumbu,3,Murehe
51,Rwamagana,10,Muyumbu,4,Ntebe
51,Rwamagana,10,Muyumbu,5,Nyarukombe
51,Rwamagana,11,Mwulire,1,Bicumbi
51,Rwamagana,11,Mwulire,2,Bushenyi
51,Rwamagana,11,Mwulire,3,Mwulire
51,Rwamagana,11,Mwulire,4,Ntunga
51,Rwamagana,12,Nyakaliro,1,Bihembe
51,Rwamagana,12,Nyakaliro,2,Gatare
51,Rwamagana,12,Nyakaliro,3,Gishore
51,Rwamagana,12,Nyakaliro,4,Munini
51,Rwamagana,12,Nyakaliro,5,Rwimbogo
51,Rwamagana,13,Nzige,1,Akanzu
51,Rwamagana,13,Nzige,2,Kigarama
51,Rwamagana,13,Nzige,3,Murama
51,Rwamagana,13,Nzige,4,Rugarama
51,Rwamagana,14,Rubona,1,Byinza
51,Rwamagana,14,Rubona,2,Kabatasi
51,Rwamagana,14,Rubona,3,Kabuye
51,Rwamagana,14,Rubona,4,Karambi
51,Rwamagana,14,Rubona,5,Mabare
51,Rwamagana,14,Rubona,6,Nawe
51,Rwamagana,2,Gahengeri,1,Gihumuza
51,Rwamagana,2,Gahengeri,2,Kagezi
51,Rwamagana,2,Gahengeri,3,Kanyangese
51,Rwamagana,2,Gahengeri,4,Kibare
51,Rwamagana,2,Gahengeri,5,Mutamwa
51,Rwamagana,2,Gahengeri,6,Rugarama
51,Rwamagana,2,Gahengeri,7,Runyinya
51,Rwamagana,2,Gahengeri,8,Rweri
51,Rwamagana,3,Gishali,1,Binunga
51,Rwamagana,3,Gishali,2,Bwinsanga
51,Rwamagana,3,Gishali,3,Cyinyana
51,Rwamagana,3,Gishali,4,Gati
51,Rwamagana,3,Gishali,5,Kavumu
51,Rwamagana,3,Gishali,6,Ruhimbi
51,Rwamagana,3,Gishali,7,Ruhunda
51,Rwamagana,4,Karenge,1,Bicaca
51,Rwamagana,4,Karenge,2,Byimana
51,Rwamagana,4,Karenge,3,Kabasore
51,Rwamagana,4,Karenge,4,Kangamba
51,Rwamagana,4,Karenge,5,Karenge
51,Rwamagana,4,Karenge,6,Nyabubare
51,Rwamagana,4,Karenge,7,Nyamatete
51,Rwamagana,5,Kigabiro,1,Bwiza
51,Rwamagana,5,Kigabiro,2,Cyanya
51,Rwamagana,5,Kigabiro,3,Nyagasenyi
51,Rwamagana,5,Kigabiro,4,Sibagire
51,Rwamagana,5,Kigabiro,5,Sovu
51,Rwamagana,6,Muhazi,1,Byeza
51,Rwamagana,6,Muhazi,2,Kabare
51,Rwamagana,6,Muhazi,3,Karambi
51,Rwamagana,6,Muhazi,4,Karitutu
51,Rwamagana,6,Muhazi,5,Kitazigurwa
51,Rwamagana,6,Muhazi,6,Murambi
51,Rwamagana,6,Muhazi,7,Nsinda
51,Rwamagana,6,Muhazi,8,Ntebe
51,Rwamagana,6,Muhazi,9,Nyarusange
51,Rwamagana,7,Munyaga,1,Kaduha
51,Rwamagana,7,Munyaga,2,Nkungu
51,Rwamagana,7,Munyaga,3,Rweru
51,Rwamagana,7,Munyaga,4,Zinga
51,Rwamagana,8,Munyiginya,1,Binunga
51,Rwamagana,8,Munyiginya,2,Bwana
51,Rwamagana,8,Munyiginya,3,Cyarukamba
51,Rwamagana,8,Munyiginya,4,Cyimbazi
51,Rwamagana,8,Munyiginya,5,Nkomangwa
51,Rwamagana,8,Munyiginya,6,Nyarubuye
51,Rwamagana,9,Musha,1,Akabare
51,Rwamagana,9,Musha,2,Budahanda
51,Rwamagana,9,Musha,3,Kagarama
51,Rwamagana,9,Musha,4,Musha
51,Rwamagana,9,Musha,5,Nyabisindu
51,Rwamagana,9,Musha,6,Nyakabanda
52,Nyagatare,1,GATUNDA,1,Cyagaju
52,Nyagatare,1,GATUNDA,2,Kabeza
52,Nyagatare,1,GATUNDA,3,Nyamikamba
52,Nyagatare,1,GATUNDA,4,Nyamirembe
52,Nyagatare,1,GATUNDA,5,Nyangara
52,Nyagatare,1,GATUNDA,6,Nyarurema
52,Nyagatare,1,GATUNDA,7,Rwensheke
52,Nyagatare,10,NYAGATARE,1,Barija
52,Nyagatare,10,NYAGATARE,2,Bushoga
52,Nyagatare,10,NYAGATARE,3,Cyabayaga
52,Nyagatare,10,NYAGATARE,4,Gakirage
52,Nyagatare,10,NYAGATARE,5,Kamagiri
52,Nyagatare,10,NYAGATARE,6,Nsheke
52,Nyagatare,10,NYAGATARE,7,Nyagatare
52,Nyagatare,10,NYAGATARE,8,Rutaraka
52,Nyagatare,10,NYAGATARE,9,Ryabega
52,Nyagatare,11,RUKOMO,1,Gahurura
52,Nyagatare,11,RUKOMO,2,Gashenyi
52,Nyagatare,11,RUKOMO,3,Nyakagarama
52,Nyagatare,11,RUKOMO,4,Rukomo Ii
52,Nyagatare,11,RUKOMO,5,Rurenge
52,Nyagatare,12,RWEMPASHA,1,Cyenjonjo
52,Nyagatare,12,RWEMPASHA,10,Ryeru
52,Nyagatare,12,RWEMPASHA,2,Gasinga
52,Nyagatare,12,RWEMPASHA,3,Kabare
52,Nyagatare,12,RWEMPASHA,4,Kazaza
52,Nyagatare,12,RWEMPASHA,5,Mishenyi
52,Nyagatare,12,RWEMPASHA,6,Rugarama
52,Nyagatare,12,RWEMPASHA,7,Rukorota
52,Nyagatare,12,RWEMPASHA,8,Rutare
52,Nyagatare,12,RWEMPASHA,9,Rwempasha
52,Nyagatare,13,RWIMIYAGA,1,Gacundezi
52,Nyagatare,13,RWIMIYAGA,2,Kabeza
52,Nyagatare,13,RWIMIYAGA,3,Kirebe
52,Nyagatare,13,RWIMIYAGA,4,Ntoma
52,Nyagatare,13,RWIMIYAGA,5,Nyarupfubire
52,Nyagatare,13,RWIMIYAGA,6,Nyendo
52,Nyagatare,13,RWIMIYAGA,7,Rutungu
52,Nyagatare,13,RWIMIYAGA,8,Rwimiyaga
52,Nyagatare,14,TABAGWE,1,Gishuro
52,Nyagatare,14,TABAGWE,2,Gitengure
52,Nyagatare,14,TABAGWE,3,Nkoma
52,Nyagatare,14,TABAGWE,4,Nyabitekeri
52,Nyagatare,14,TABAGWE,5,Nyagatoma
52,Nyagatare,14,TABAGWE,6,Shonga
52,Nyagatare,14,TABAGWE,7,Tabagwe
52,Nyagatare,2,KARAMA,1,Bushara
52,Nyagatare,2,KARAMA,2,Cyenkwanzi
52,Nyagatare,2,KARAMA,3,Gikagati
52,Nyagatare,2,KARAMA,4,Gikundamvura
52,Nyagatare,2,KARAMA,5,Kabuga
52,Nyagatare,2,KARAMA,6,Ndego
52,Nyagatare,2,KARAMA,7,Nyakiga
52,Nyagatare,3,KARANGAZI,1,Kamate
52,Nyagatare,3,KARANGAZI,10,Rwenyemera
52,Nyagatare,3,KARANGAZI,11,Rwisirabo
52,Nyagatare,3,KARANGAZI,2,Karama
52,Nyagatare,3,KARANGAZI,3,Kizirakome
52,Nyagatare,3,KARANGAZI,4,Mbare
52,Nyagatare,3,KARANGAZI,5,Musenyi
52,Nyagatare,3,KARANGAZI,6,Ndama
52,Nyagatare,3,KARANGAZI,7,Nyagashanga
52,Nyagatare,3,KARANGAZI,8,Nyamirama
52,Nyagatare,3,KARANGAZI,9,Rubagabaga
52,Nyagatare,4,KATABAGEMU,1,Bayigaburire
52,Nyagatare,4,KATABAGEMU,2,Kaduha
52,Nyagatare,4,KATABAGEMU,3,Kanyeganyege
52,Nyagatare,4,KATABAGEMU,4,Katabagemu
52,Nyagatare,4,KATABAGEMU,5,Kigarama
52,Nyagatare,4,KATABAGEMU,6,Nyakigando
52,Nyagatare,4,KATABAGEMU,7,Rubira
52,Nyagatare,4,KATABAGEMU,8,Rugazi
52,Nyagatare,4,KATABAGEMU,9,Rutoma
52,Nyagatare,5,KIYOMBE,1,Gataba
52,Nyagatare,5,KIYOMBE,2,Gitenga
52,Nyagatare,5,KIYOMBE,3,Kabungo
52,Nyagatare,5,KIYOMBE,4,Karambo
52,Nyagatare,5,KIYOMBE,5,Karujumba
52,Nyagatare,5,KIYOMBE,6,Tovu
52,Nyagatare,6,MATIMBA,1,Bwera
52,Nyagatare,6,MATIMBA,2,Byimana
52,Nyagatare,6,MATIMBA,3,Cyembogo
52,Nyagatare,6,MATIMBA,4,Kagitumba
52,Nyagatare,6,MATIMBA,5,Kanyonza
52,Nyagatare,6,MATIMBA,6,Matimba
52,Nyagatare,6,MATIMBA,7,Nyabwishongwezi
52,Nyagatare,6,MATIMBA,8,Rwentanga
52,Nyagatare,7,MIMURI,1,Bibare
52,Nyagatare,7,MIMURI,2,Gakoma
52,Nyagatare,7,MIMURI,3,Mahoro
52,Nyagatare,7,MIMURI,4,Mimuri
52,Nyagatare,7,MIMURI,5,Rugari
52,Nyagatare,8,MUKAMA,1,Bufunda
52,Nyagatare,8,MUKAMA,2,Gatete
52,Nyagatare,8,MUKAMA,3,Gihengeri
52,Nyagatare,8,MUKAMA,4,Gishororo
52,Nyagatare,8,MUKAMA,5,Kagina
52,Nyagatare,8,MUKAMA,6,Rugarama
52,Nyagatare,9,MUSHERI,1,Kibirizi
52,Nyagatare,9,MUSHERI,2,Kijojo
52,Nyagatare,9,MUSHERI,3,Musheri
52,Nyagatare,9,MUSHERI,4,Ntoma
52,Nyagatare,9,MUSHERI,5,Nyagatabire
52,Nyagatare,9,MUSHERI,6,Nyamiyonga
52,Nyagatare,9,MUSHERI,7,Rugarama I
52,Nyagatare,9,MUSHERI,8,Rugarama Ii
53,Gatsibo,1,Gasange,1,Kigabiro
53,Gatsibo,1,Gasange,2,Kimana
53,Gatsibo,1,Gasange,3,Teme
53,Gatsibo,1,Gasange,4,Viro
53,Gatsibo,10,Ngarama,1,Bugamba
53,Gatsibo,10,Ngarama,2,Karambi
53,Gatsibo,10,Ngarama,3,Kigasha
53,Gatsibo,10,Ngarama,4,Ngarama
53,Gatsibo,10,Ngarama,5,Nyarubungo
53,Gatsibo,11,Nyagihanga,1,Gitinda
53,Gatsibo,11,Nyagihanga,2,Kibare
53,Gatsibo,11,Nyagihanga,3,Mayange
53,Gatsibo,11,Nyagihanga,4,Murambi
53,Gatsibo,11,Nyagihanga,5,Nyagitabire
53,Gatsibo,11,Nyagihanga,6,Nyamirama
53,Gatsibo,12,Remera,1,Bushobora
53,Gatsibo,12,Remera,2,Butiruka
53,Gatsibo,12,Remera,3,Kigabiro
53,Gatsibo,12,Remera,4,Nyagakombe
53,Gatsibo,12,Remera,5,Rurenge
53,Gatsibo,12,Remera,6,Rwarenga
53,Gatsibo,13,Rugarama,1,Bugarama
53,Gatsibo,13,Rugarama,2,Gihuta
53,Gatsibo,13,Rugarama,3,Kanyangese
53,Gatsibo,13,Rugarama,4,Matare
53,Gatsibo,13,Rugarama,5,Matunguru
53,Gatsibo,13,Rugarama,6,Remera
53,Gatsibo,14,Rwimbogo,1,Kiburara
53,Gatsibo,14,Rwimbogo,2,Munini
53,Gatsibo,14,Rwimbogo,3,Nyamatete
53,Gatsibo,14,Rwimbogo,4,Rwikiniro
53,Gatsibo,2,Gatsibo,1,Gatsibo
53,Gatsibo,2,Gatsibo,2,Manishya
53,Gatsibo,2,Gatsibo,3,Mugera
53,Gatsibo,2,Gatsibo,4,Nyabicwamba
53,Gatsibo,2,Gatsibo,5,Nyagahanga
53,Gatsibo,3,Gitoki,1,Bukomane
53,Gatsibo,3,Gitoki,2,Cyabusheshe
53,Gatsibo,3,Gitoki,3,Karubungo
53,Gatsibo,3,Gitoki,4,Mpondwa
53,Gatsibo,3,Gitoki,5,Nyamirama
53,Gatsibo,3,Gitoki,6,Rubira
53,Gatsibo,4,Kabarore,1,Kabarore
53,Gatsibo,4,Kabarore,2,Kabeza
53,Gatsibo,4,Kabarore,3,Karenge
53,Gatsibo,4,Kabarore,4,Marimba
53,Gatsibo,4,Kabarore,5,Nyabikiri
53,Gatsibo,4,Kabarore,6,Simbwa
53,Gatsibo,5,Kageyo,1,Busetsa
53,Gatsibo,5,Kageyo,2,Gituza
53,Gatsibo,5,Kageyo,3,Kintu
53,Gatsibo,5,Kageyo,4,Nyagisozi
53,Gatsibo,6,Kiramuruzi,1,Akabuga
53,Gatsibo,6,Kiramuruzi,2,Gakenke
53,Gatsibo,6,Kiramuruzi,3,Gakoni
53,Gatsibo,6,Kiramuruzi,4,Nyabisindu
53,Gatsibo,7,Kiziguro,1,Agakomeye
53,Gatsibo,7,Kiziguro,2,Mbogo
53,Gatsibo,7,Kiziguro,3,Ndatemwa
53,Gatsibo,7,Kiziguro,4,Rubona
53,Gatsibo,8,Muhura,1,Bibare
53,Gatsibo,8,Muhura,2,Gakorokombe
53,Gatsibo,8,Muhura,3,Mamfu
53,Gatsibo,8,Muhura,4,Rumuli
53,Gatsibo,8,Muhura,5,Taba
53,Gatsibo,9,Murambi,1,Murambi
53,Gatsibo,9,Murambi,2,Nyamiyaga
53,Gatsibo,9,Murambi,3,Rwankuba
53,Gatsibo,9,Murambi,4,Rwimitereri
54,Kayonza,1,Gahini,1,Juru
54,Kayonza,1,Gahini,2,Kahi
54,Kayonza,1,Gahini,3,Kiyenzi
54,Kayonza,1,Gahini,4,Urugarama
54,Kayonza,10,Rukara,1,Kawangire
54,Kayonza,10,Rukara,2,Rukara
54,Kayonza,10,Rukara,3,Rwimishinya
54,Kayonza,11,Ruramira,1,Bugambira
54,Kayonza,11,Ruramira,2,Nkamba
54,Kayonza,11,Ruramira,3,Ruyonza
54,Kayonza,11,Ruramira,4,Umubuga
54,Kayonza,12,Rwinkwavu,1,Gihinga
54,Kayonza,12,Rwinkwavu,2,Mbarara
54,Kayonza,12,Rwinkwavu,3,Mukoyoyo
54,Kayonza,12,Rwinkwavu,4,Nkondo
54,Kayonza,2,Kabare,1,Cyarubare
54,Kayonza,2,Kabare,2,Gitara
54,Kayonza,2,Kabare,3,Kirehe
54,Kayonza,2,Kabare,4,Rubimba
54,Kayonza,2,Kabare,5,Rubumba
54,Kayonza,3,Kabarondo,1,Cyabajwa
54,Kayonza,3,Kabarondo,2,Cyinzovu
54,Kayonza,3,Kabarondo,3,Kabura
54,Kayonza,3,Kabarondo,4,Rusera
54,Kayonza,4,Mukarange,1,Bwiza
54,Kayonza,4,Mukarange,2,Kayonza
54,Kayonza,4,Mukarange,3,Mburabuturo
54,Kayonza,4,Mukarange,4,Nyagatovu
54,Kayonza,4,Mukarange,5,Rugendabari
54,Kayonza,5,Murama,1,Bunyentongo
54,Kayonza,5,Murama,2,Muko
54,Kayonza,5,Murama,3,Murama
54,Kayonza,5,Murama,4,Nyakanazi
54,Kayonza,5,Murama,5,Rusave
54,Kayonza,6,Murundi,1,Buhabwa
54,Kayonza,6,Murundi,2,Karambi
54,Kayonza,6,Murundi,3,Murundi
54,Kayonza,6,Murundi,4,Ryamanyoni
54,Kayonza,7,Mwiri,1,Kageyo
54,Kayonza,7,Mwiri,2,Migera
54,Kayonza,7,Mwiri,3,Nyamugari
54,Kayonza,7,Mwiri,4,Nyawera
54,Kayonza,8,Ndego,1,Byimana
54,Kayonza,8,Ndego,2,Isangano
54,Kayonza,8,Ndego,3,Karambi
54,Kayonza,8,Ndego,4,Kiyovu
54,Kayonza,9,Nyamirama,1,Gikaya
54,Kayonza,9,Nyamirama,2,Musumba
54,Kayonza,9,Nyamirama,3,Rurambi
54,Kayonza,9,Nyamirama,4,Shyogo
55,Kirehe,1,Gahara,1,Butezi
55,Kirehe,1,Gahara,2,Muhamba
55,Kirehe,1,Gahara,3,Murehe
55,Kirehe,1,Gahara,4,Nyagasenyi
55,Kirehe,1,Gahara,5,Nyakagezi
55,Kirehe,1,Gahara,6,Rubimba
55,Kirehe,10,Nasho,1,Cyambwe
55,Kirehe,10,Nasho,2,Kagese
55,Kirehe,10,Nasho,3,Ntaruka
55,Kirehe,10,Nasho,4,Rubirizi
55,Kirehe,10,Nasho,5,Rugoma
55,Kirehe,11,Nyamugari,1,Bukora
55,Kirehe,11,Nyamugari,2,Kagasa
55,Kirehe,11,Nyamugari,3,Kazizi
55,Kirehe,11,Nyamugari,4,Kiyanzi
55,Kirehe,11,Nyamugari,5,Nyamugari
55,Kirehe,12,Nyarubuye,1,Mareba
55,Kirehe,12,Nyarubuye,2,Nyabitare
55,Kirehe,12,Nyarubuye,3,Nyarutunga
55,Kirehe,2,Gatore,1,Curazo
55,Kirehe,2,Gatore,2,Cyunuzi
55,Kirehe,2,Gatore,3,Muganza
55,Kirehe,2,Gatore,4,Nyamiryango
55,Kirehe,2,Gatore,5,Rwabutazi
55,Kirehe,2,Gatore,6,Rwantonde
55,Kirehe,3,Kigarama,1,Cyanya
55,Kirehe,3,Kigarama,2,Kigarama
55,Kirehe,3,Kigarama,3,Kiremera
55,Kirehe,3,Kigarama,4,Nyakerera
55,Kirehe,3,Kigarama,5,Nyankurazo
55,Kirehe,4,Kigina,1,Gatarama
55,Kirehe,4,Kigina,2,Rugarama
55,Kirehe,4,Kigina,3,Ruhanga
55,Kirehe,4,Kigina,4,Rwanteru
55,Kirehe,5,Kirehe,1,Gahama
55,Kirehe,5,Kirehe,2,Kirehe
55,Kirehe,5,Kirehe,3,Nyabigega
55,Kirehe,5,Kirehe,4,Nyabikokora
55,Kirehe,5,Kirehe,5,Rwesero
55,Kirehe,6,Mahama,1,Kamombo
55,Kirehe,6,Mahama,2,Mwoga
55,Kirehe,6,Mahama,3,Saruhembe
55,Kirehe,6,Mahama,4,Munini
55,Kirehe,6,Mahama,4,Umunini
55,Kirehe,7,Mpanga,1,Bwiyorere
55,Kirehe,7,Mpanga,2,Kankobwa
55,Kirehe,7,Mpanga,3,Mpanga
55,Kirehe,7,Mpanga,4,Mushongi
55,Kirehe,7,Mpanga,5,Nasho
55,Kirehe,7,Mpanga,6,Nyakabungo
55,Kirehe,7,Mpanga,7,Rubaya
55,Kirehe,8,Musaza,1,Gasarabwayi
55,Kirehe,8,Musaza,2,Kabuga
55,Kirehe,8,Musaza,3,Mubuga
55,Kirehe,8,Musaza,4,Musaza
55,Kirehe,8,Musaza,5,Nganda
55,Kirehe,9,Mushikiri,1,Bisagara
55,Kirehe,9,Mushikiri,2,Cyamigurwa
55,Kirehe,9,Mushikiri,3,Rugarama
55,Kirehe,9,Mushikiri,4,Rwanyamuhanga
55,Kirehe,9,Mushikiri,5,Rwayikona
56,Ngoma,1,Gashanda,1,Cyerwa
56,Ngoma,1,Gashanda,2,Giseri
56,Ngoma,1,Gashanda,3,Munege
56,Ngoma,1,Gashanda,4,Mutsindo
56,Ngoma,10,Rukira,1,Buliba
56,Ngoma,10,Rukira,2,Kibatsi
56,Ngoma,10,Rukira,3,Nyaruvumu
56,Ngoma,10,Rukira,4,Nyinya
56,Ngoma,11,Rukumberi,1,Gituza
56,Ngoma,11,Rukumberi,2,Ntovi
56,Ngoma,11,Rukumberi,3,Rubago
56,Ngoma,11,Rukumberi,4,Rubona
56,Ngoma,11,Rukumberi,5,Rwintashya
56,Ngoma,12,Rurenge,1,Akagarama
56,Ngoma,12,Rurenge,2,Muhurire
56,Ngoma,12,Rurenge,3,Musya
56,Ngoma,12,Rurenge,4,Rugese
56,Ngoma,12,Rurenge,5,Rujambara
56,Ngoma,12,Rurenge,6,Rwikubo
56,Ngoma,13,Sake,1,Gafunzo
56,Ngoma,13,Sake,2,Kibonde
56,Ngoma,13,Sake,3,Nkanga
56,Ngoma,13,Sake,4,Rukoma
56,Ngoma,14,Zaza,1,Nyagasozi
56,Ngoma,14,Zaza,2,Nyagatugunda
56,Ngoma,14,Zaza,3,Ruhembe
56,Ngoma,14,Zaza,4,Ruhinga
56,Ngoma,2,Jarama,1,Ihanika
56,Ngoma,2,Jarama,2,Jarama
56,Ngoma,2,Jarama,3,Karenge
56,Ngoma,2,Jarama,4,Kibimba
56,Ngoma,2,Jarama,5,Kigoma
56,Ngoma,3,Karembo,1,Akaziba
56,Ngoma,3,Karembo,2,Karaba
56,Ngoma,3,Karembo,3,Nyamirambo
56,Ngoma,4,Kazo,1,Birenga
56,Ngoma,4,Kazo,2,Gahurire
56,Ngoma,4,Kazo,3,Karama
56,Ngoma,4,Kazo,4,Kinyonzo
56,Ngoma,4,Kazo,5,Umukamba
56,Ngoma,5,Kibungo,1,Cyasemakamba
56,Ngoma,5,Kibungo,2,Gahima
56,Ngoma,5,Kibungo,3,Gatonde
56,Ngoma,5,Kibungo,4,Karenge
56,Ngoma,5,Kibungo,5,Mahango
56,Ngoma,6,Mugesera,1,Akabungo
56,Ngoma,6,Mugesera,2,Mugatare
56,Ngoma,6,Mugesera,3,Ntanga
56,Ngoma,6,Mugesera,4,Nyamugari
56,Ngoma,6,Mugesera,5,Nyange
56,Ngoma,7,Murama,1,Gitaraga
56,Ngoma,7,Murama,2,Kigabiro
56,Ngoma,7,Murama,3,Mvumba
56,Ngoma,7,Murama,4,Rurenge
56,Ngoma,7,Murama,5,Sakara
56,Ngoma,8,Mutenderi,1,Karwema
56,Ngoma,8,Mutenderi,2,Kibare
56,Ngoma,8,Mutenderi,3,Mutenderi
56,Ngoma,8,Mutenderi,4,Muzingira
56,Ngoma,8,Mutenderi,5,Nyagasozi
56,Ngoma,9,Remera,1,Bugera
56,Ngoma,9,Remera,2,Kinunga
56,Ngoma,9,Remera,3,Ndekwe
56,Ngoma,9,Remera,4,Nyamagana
57,Bugesera,1,Gashora,1,Biryogo
57,Bugesera,1,Gashora,2,Kabuye
57,Bugesera,1,Gashora,3,Kagomasi
57,Bugesera,1,Gashora,4,Mwendo
57,Bugesera,1,Gashora,5,Ramiro
57,Bugesera,10,Nyamata,1,Kanazi
57,Bugesera,10,Nyamata,2,Kayumba
57,Bugesera,10,Nyamata,3,Maranyundo
57,Bugesera,10,Nyamata,4,Murama
57,Bugesera,10,Nyamata,5,Nyamatayumujyi
57,Bugesera,11,Nyarugenge,1,Gihinga
57,Bugesera,11,Nyarugenge,2,Kabuye
57,Bugesera,11,Nyarugenge,3,Murambi
57,Bugesera,11,Nyarugenge,4,Ngenda
57,Bugesera,11,Nyarugenge,5,Rugando
57,Bugesera,12,Rilima,1,Kabeza
57,Bugesera,12,Rilima,2,Karera
57,Bugesera,12,Rilima,3,Kimaranzara
57,Bugesera,12,Rilima,4,Ntarama
57,Bugesera,12,Rilima,5,Nyabagendwa
57,Bugesera,13,Ruhuha,1,Bihari
57,Bugesera,13,Ruhuha,2,Gatanga
57,Bugesera,13,Ruhuha,3,Gikundamvura
57,Bugesera,13,Ruhuha,4,Kindama
57,Bugesera,13,Ruhuha,5,Ruhuha
57,Bugesera,14,Rweru,1,Batima
57,Bugesera,14,Rweru,2,Kintambwe
57,Bugesera,14,Rweru,3,Mazane
57,Bugesera,14,Rweru,4,Nemba
57,Bugesera,14,Rweru,5,Nkanga
57,Bugesera,14,Rweru,6,Sharita
57,Bugesera,15,Shyara,1,Kabagugu
57,Bugesera,15,Shyara,2,Kamabuye
57,Bugesera,15,Shyara,3,Nziranziza
57,Bugesera,15,Shyara,4,Rebero
57,Bugesera,15,Shyara,5,Rutare
57,Bugesera,2,Juru,1,Juru
57,Bugesera,2,Juru,2,Kabukuba
57,Bugesera,2,Juru,3,Mugorore
57,Bugesera,2,Juru,4,Musovu
57,Bugesera,2,Juru,5,Rwinume
57,Bugesera,3,Kamabuye,1,Biharagu
57,Bugesera,3,Kamabuye,2,Burenge
57,Bugesera,3,Kamabuye,3,Kampeka
57,Bugesera,3,Kamabuye,4,Nyakayaga
57,Bugesera,3,Kamabuye,5,Tunda
57,Bugesera,4,Mareba,1,Bushenyi
57,Bugesera,4,Mareba,2,Gakomeye
57,Bugesera,4,Mareba,3,Nyamigina
57,Bugesera,4,Mareba,4,Rango
57,Bugesera,4,Mareba,5,Rugarama
57,Bugesera,5,Mayange,1,Gakamba
57,Bugesera,5,Mayange,2,Kagenge
57,Bugesera,5,Mayange,3,Kibenga
57,Bugesera,5,Mayange,4,Kibirizi
57,Bugesera,5,Mayange,5,Mbyo
57,Bugesera,6,Musenyi,1,Gicaca
57,Bugesera,6,Musenyi,2,Musenyi
57,Bugesera,6,Musenyi,3,Nyagihunika
57,Bugesera,6,Musenyi,4,Rulindo
57,Bugesera,7,Mwogo,1,Bitaba
57,Bugesera,7,Mwogo,2,Kagasa
57,Bugesera,7,Mwogo,3,Rugunga
57,Bugesera,7,Mwogo,4,Rurenge
57,Bugesera,8,Ngeruka,1,Gihembe
57,Bugesera,8,Ngeruka,2,Murama
57,Bugesera,8,Ngeruka,3,Ngeruka
57,Bugesera,8,Ngeruka,4,Nyakayenzi
57,Bugesera,8,Ngeruka,5,Rutonde
57,Bugesera,9,Ntarama,1,Cyugaro
57,Bugesera,9,Ntarama,2,Kanzenze
57,Bugesera,9,Ntarama,3,Kibungo
